samples,E2F1-h,E2F2-h,E2F3-h,E2F4-h,E2F5-h,E2F6-h,E2F7-h,E2F8-h,,,samples,E2F1-s,E2F2-s,E2F3-s,E2F4-s,E2F5-s,E2F6-s,E2F7-s,E2F8-s,,,,,,
GTEX-13FHP-2426-SM-5KLZ5,6.5852,5.2942,7.8115,11.1564,9.1632,8.9046,4.2884,4.9054,,,TCGA-AA-3525-11,8.5626,10.2104,9.5388,11.3719,8.4446,8.2466,6.7158,8.8048,,,,,,
GTEX-11ONC-2026-SM-5HL61,6.4496,5.7495,8.1179,11.1463,9.1574,8.4959,2.8875,4.0875,,,TCGA-A6-2671-11,8.2082,9.2395,8.8429,11.2666,7.4718,8.2676,5.1385,7.5235,,,,,,
GTEX-ZYFC-2626-SM-5NQ6S,7.0102,3.5028,8.1755,11.1268,9.4727,9.1204,0,3.3282,,,TCGA-A6-5659-11,7.599,9.3686,9.186,10.8894,8.4419,8.2929,5.6315,7.1829,,,,,,
GTEX-12KS4-2426-SM-5LU8P,8.0541,8.3499,8.625,11.0319,9.2614,8.5494,6.5712,8.3016,,,TCGA-A6-2675-11,8.0069,8.8568,8.9738,11.2944,7.5381,8.6164,5.6674,7.5117,,,,,,
GTEX-111VG-2226-SM-5N9DU,6.5204,4.5072,8.3019,10.9913,8.6379,9.0497,1.1883,5.2512,,,TCGA-AA-3697-11,9.0464,10.458,9.2472,11.5789,7.6454,8.6201,6.9463,8.992,,,,,,
GTEX-147JS-2526-SM-5S2Q8,6.7906,5.4133,8.3164,11.1839,9.4136,8.4263,2.8689,5.3699,,,TCGA-AZ-6605-11,6.4923,6.7658,8.2465,11.0678,7.5908,9.1767,3.9853,4.9848,,,,,,
GTEX-XMK1-1726-SM-4B64Z,9.2173,10.4256,9.9073,11.997,8.1853,8.7627,7.7247,9.2255,,,TCGA-AA-3489-11,8.5452,8.9551,8.7787,11.3302,8.5737,8.759,6.3423,7.6837,,,,,,
GTEX-Z93S-2426-SM-5HL8N,6.4968,3.2056,8.732,11.1977,8.6058,9.15,1.1211,2.178,,,TCGA-AZ-6599-11,8.5992,10.0628,9.4681,11.2722,7.9431,8.1807,7.129,8.6802,,,,,,
GTEX-Y8E4-2426-SM-4WWDN,7.2705,9.002,8.9921,11.6226,8.3327,9.1334,5.2211,7.0202,,,TCGA-A6-2682-11,8.4341,9.6354,9.3609,11.4997,8.3571,8.4373,5.9848,8.4049,,,,,,
GTEX-ZAB4-2226-SM-5HL97,7.0667,6.9893,8.4616,11.1395,8.8075,8.7357,4.7121,6.3369,,,TCGA-AA-3655-11,7.8604,9.4505,8.6369,11.3697,8.1128,8.5245,5.9416,8.1262,,,,,,
GTEX-11O72-2226-SM-5PNW2,5.8357,3.7031,8.3172,10.9568,9.4034,8.9599,1.224,2.6654,,,TCGA-AA-3713-11,8.5617,9.5124,8.6674,11.7223,8.3622,8.7572,6.7203,8.2265,,,,,,
GTEX-OXRL-1426-SM-3NM9E,6.8937,5.3733,8.3349,11.4422,8.2763,9.5449,1.4443,3.9664,,,TCGA-AZ-6601-11,8.4865,9.808,9.5143,11.3365,7.8212,8.4123,6.1938,8.7088,,,,,,
GTEX-11NSD-1626-SM-5986U,7.1478,8.3002,9.0257,11.3966,8.887,9.0331,5.5023,6.3774,,,TCGA-AA-3522-11,8.7461,9.8013,9.0723,11.3888,7.5948,8.4056,7.1554,8.9484,,,,,,
GTEX-ZVP2-1526-SM-5NQ82,8.4877,10.0642,9.7296,11.8321,8.9328,8.8519,6.4997,8.1189,,,TCGA-AA-3712-11,8.3101,9.4536,9.1717,11.6299,8.1298,8.6536,6.0023,7.9404,,,,,,
GTEX-117YX-0826-SM-5H11J,6.5414,3.2291,8.728,11.5623,7.321,9.5386,2.3753,3.3819,,,TCGA-AA-3511-11,9.2198,9.9041,9.3805,11.4975,8.7262,8.3843,7.1057,8.786,,,,,,
GTEX-O5YW-1426-SM-3MJHF,7.2496,7.8264,8.9342,11.3246,8.4539,9.0089,3.9964,6.8477,,,TCGA-AZ-6600-11,8.6283,9.9893,9.7138,11.2069,7.7833,8.9521,6.3208,7.9885,,,,,,
GTEX-145MO-2426-SM-5NQ9W,7.2119,3.9931,7.8193,11.3748,9.0741,9.1088,2.3161,3.3153,,,TCGA-AA-3517-11,8.3446,9.5516,9.1647,11.2886,8.0802,8.3237,5.7302,7.9649,,,,,,
GTEX-148VJ-2626-SM-5QGPI,6.7901,3.0383,9.0786,10.9403,8.7064,9.3705,2.4139,1.2887,,,TCGA-F4-6704-11,9.438,10.2873,9.4437,11.6721,7.9989,8.8338,7.3717,9.5501,,,,,,
GTEX-TKQ2-1326-SM-4DXT9,8.7846,9.8424,9.0893,11.7824,8.3254,8.7303,6.3132,7.8494,,,TCGA-A6-5662-11,7.8178,9.3948,8.6562,10.9169,7.7503,8.5282,5.4429,7.5168,,,,,,
GTEX-131XE-0826-SM-5HL9W,8.486,9.6858,9.4642,11.9707,8.8449,8.8902,6.3329,8.5083,,,TCGA-AA-3663-11,8.4084,9.3599,8.8328,11.1282,7.7643,8.4672,6.0104,8.1194,,,,,,
GTEX-13OVG-1426-SM-5K7VP,6.9416,5.8099,9.3218,11.4743,6.6686,9.2706,3.0061,3.5299,,,TCGA-AA-3527-11,8.021,10.1016,9.3799,11.2264,7.8724,8.3876,6.3963,8.2325,,,,,,
GTEX-139YR-2126-SM-5KM11,8.3761,9.9871,9.4382,11.5746,8.8022,8.4662,7.2962,8.5364,,,TCGA-AA-3520-11,8.6466,10.0524,9.1171,11.339,7.7498,8.1905,6.4317,8.386,,,,,,
GTEX-QLQ7-1126-SM-4R1KN,6.6524,5.0765,8.8648,11.6701,7.6928,9.4246,2.6909,3.1994,,,TCGA-A6-5665-11,8.0859,9.3435,9.2205,11.1536,7.6472,8.5038,5.9427,7.8672,,,,,,
GTEX-QEL4-1926-SM-4R1JI,7.9652,9.3251,8.8673,11.6529,8.9059,8.5268,6.4153,8.0429,,,TCGA-AA-3496-11,7.5269,8.8067,8.5402,10.8676,7.4336,8.7211,5.6003,7.4651,,,,,,
GTEX-VJYA-2026-SM-4KL1K,7.799,8.9983,9.3131,11.8813,8.6924,9.2072,4.7844,6.9337,,,TCGA-A6-2686-11,8.3629,10.2018,9.1251,11.2225,7.4341,8.2845,6.5752,8.4765,,,,,,
GTEX-13OW5-2626-SM-5MR3M,7.6638,5.5231,8.427,11.4407,9.1154,9.3243,3.9201,5.0501,,,TCGA-AA-3514-11,8.7453,10.7626,9.3685,11.3374,8.4407,8.1696,7.4334,9.441,,,,,,
GTEX-ZEX8-1926-SM-4WKFR,8.925,10.2707,9.566,11.7129,8.8074,8.3358,7.0354,9.0949,,,TCGA-AA-3518-11,7.2791,9.4199,8.8415,11.0408,7.5201,8.1315,5.3992,7.6883,,,,,,
GTEX-ZY6K-1226-SM-5GZYL,7.7937,8.4024,9.5826,11.8162,8.8211,9.1624,5.2662,7.4515,,,TCGA-AA-3662-11,7.8189,9.2587,8.8803,11.2437,7.9633,8.4985,5.6128,7.8859,,,,,,
GTEX-11TUW-2026-SM-5EQL8,7.1194,0,9.6828,11.7495,8.9875,9.8935,1.9771,1.3036,,,TCGA-AA-3534-11,8.398,9.9,9.4706,11.3656,7.9688,8.2204,6.3793,8.693,,,,,,
GTEX-XXEK-1926-SM-4BRVD,6.5849,0,8.5391,11.441,8.8368,9.9617,0,1.8349,,,TCGA-AZ-6598-11,8.881,10.3088,8.9946,11.385,7.6234,8.2552,6.7826,8.5891,,,,,,
GTEX-YEC4-1926-SM-5IFHJ,8.1039,2.4292,9.0335,11.7027,8.2296,9.7883,2.1008,1.6749,,,TCGA-AZ-6603-11,8.4039,9.2869,9.057,11.1488,7.7901,8.3969,6.8787,8.4385,,,,,,
GTEX-146FQ-1926-SM-5NQBY,9.3484,10.4475,9.6194,12.0591,8.6042,8.9403,8.0381,9.3048,,,TCGA-A6-2684-11,8.1456,9.9731,8.8207,11.2984,7.3976,8.0372,5.6735,7.7323,,,,,,
GTEX-WHWD-1226-SM-4OOS1,8.1635,9.5216,9.1485,11.6795,8.9592,8.0518,6.5384,8.4744,,,TCGA-AA-3531-11,7.929,9.852,9.061,11.3222,7.6039,7.9989,5.6264,7.9205,,,,,,
GTEX-11EQ9-1426-SM-5987G,7.4411,6.4062,8.5993,11.6687,7.8944,9.8434,4.5975,5.5276,,,TCGA-AA-3516-11,7.5028,9.7125,8.7521,11.2742,7.7538,8.0723,5.0756,6.8269,,,,,,
GTEX-Q2AH-1226-SM-48TZL,8.9651,10.1153,9.4807,11.7016,8.5237,8.6758,7.3238,9.2567,,,TCGA-A6-2679-11,8.5664,9.5246,9.1133,11.3543,8.1016,8.3203,6.3296,8.5203,,,,,,
GTEX-ZZ64-0726-SM-5GZX4,8.017,8.5159,9.2006,11.6602,7.3747,9.4533,5.4917,6.9341,,,TCGA-A6-2680-11,7.7897,8.8534,8.1149,11.0691,6.5015,8.5204,5.3526,7.3631,,,,,,
GTEX-ZPU1-1926-SM-57WDT,8.279,9.2843,9.9609,11.9407,8.8241,9.1983,5.6188,7.0829,,,TCGA-A6-2683-11,8.4372,10.0487,9.1875,11.0258,7.8728,8.0708,6.9736,8.704,,,,,,
GTEX-139T6-1326-SM-5IFFO,7.4199,8.8054,9.4637,11.6643,8.4758,8.6163,4.9924,7.8964,,,TCGA-AA-3660-11,8.1974,9.2321,8.6461,11.3053,8.2735,8.0698,5.7437,8.4745,,,,,,
GTEX-145MN-1726-SM-5SIA6,6.9386,9.5654,9.429,11.6544,8.1913,8.3463,5.8525,7.7113,,,TCGA-A6-2685-11,9.2579,10.6099,9.1968,11.3719,7.5617,8.2107,6.9763,8.8906,,,,,,
GTEX-RM2N-0926-SM-48FD1,7.8715,9.7032,9.4523,11.8453,8.2655,8.5264,5.8152,7.6316,,,TCGA-A6-2678-11,7.877,9.9912,9.0412,11.1717,7.6911,8.355,5.955,7.9135,,,,,,
GTEX-WOFM-2026-SM-4OOSQ,6.8251,9.4496,9.4105,11.6735,8.0406,8.2764,5.8377,8.1286,,,TCGA-A6-5667-11,8.5246,10.26,8.9209,11.5466,7.6881,8.3389,6.1876,8.1411,,,,,,
GTEX-WQUQ-2526-SM-4MVNO,8.1765,7.7966,8.4676,11.8427,9.0268,9.4999,5.0348,6.6403,,,TCGA-G4-6317-02,9.9296,7.7151,9.4645,11.911,8.7388,9.1062,6.8271,7.81,,,,,,
GTEX-S4Q7-0826-SM-4AD5E,7.6383,9.4811,9.7234,12.0723,8.791,9.2412,5.2369,7.2914,,,TCGA-G4-6298-01,10.2282,7.266,10.8974,11.9953,10.304,9.6704,7.6706,7.7705,,,,,,
GTEX-X3Y1-1726-SM-4PQZL,7.451,8.1603,8.8819,11.6589,8.2964,9.1706,4.3223,7.451,,,TCGA-G4-6626-01,11.2853,9.4502,10.7586,12.1899,10.1219,9.4589,8.3091,10.1659,,,,,,
GTEX-11DXZ-1726-SM-5H12M,8.0789,9.8424,9.383,11.7671,8.4548,8.219,6.0804,8.204,,,TCGA-AA-3675-01,9.9564,8.8176,9.5875,11.6324,9.2516,8.841,7.5626,8.9064,,,,,,
GTEX-XQ8I-2126-SM-4BOOM,6.5661,8.6942,8.5277,11.5226,8.9332,8.4148,3.8962,6.3061,,,TCGA-AD-6895-01,10.0656,9.8464,9.7848,11.6881,7.7492,9.5169,8.5468,8.2142,,,,,,
GTEX-ZV7C-1526-SM-5NQ72,7.3285,9.4847,9.0856,11.7771,8.3423,8.3627,5.6629,8.1303,,,TCGA-AD-6899-01,9.929,9.4839,9.8279,11.7016,9.0557,9.3115,7.8617,8.7657,,,,,,
GTEX-QLQW-0426-SM-447A7,8.4573,8.7466,8.9589,11.7998,7.8358,8.6733,5.887,7.7404,,,TCGA-AZ-4615-01,9.4207,9.9185,9.4777,11.242,8.2071,9.0788,7.5314,8.445,,,,,,
GTEX-12WSL-1626-SM-5GCMU,7.7675,5.1185,8.8941,11.4887,8.3698,9.5815,3.9504,3.706,,,TCGA-G4-6627-01,9.2244,8.743,9.6132,11.1278,9.2718,9.2053,7.7491,7.7813,,,,,,
GTEX-QDVN-1326-SM-48TZ3,9.1451,10.0099,9.5306,11.8169,8.4558,8.7927,7.0696,9.1147,,,TCGA-D5-5537-01,9.7757,7.6796,9.822,11.8991,8.8392,9.1484,7.8194,7.2524,,,,,,
GTEX-11P7K-1526-SM-5EGI7,7.6695,9.6841,8.8355,11.3749,7.8271,8.5756,5.4332,8.1124,,,TCGA-A6-5659-01,10.07170819,8.706887164,11.19774369,11.76630359,9.890488244,10.16197726,9.495461286,8.798693563,,,,,,
GTEX-14C38-2626-SM-5RQI4,6.3979,7.7096,9.9416,11.2882,8.6396,9.0918,6.2808,4.374,,,TCGA-A6-6653-01,9.7984,9.5716,9.1919,10.9932,8.7954,9.2684,8.9104,8.816,,,,,,
GTEX-QDVJ-1326-SM-48U1X,8.33,8.7026,9.0714,11.8646,7.8496,9.4792,6.2273,8.0401,,,TCGA-A6-6782-01,10.5174,8.5709,9.7136,11.7631,8.7326,9.2977,7.9823,8.6671,,,,,,
GTEX-V955-1626-SM-4JBHJ,7.7742,6.2331,8.3209,11.4719,8.8891,9.4094,3.2576,5.1782,,,TCGA-CM-6676-01,10.6239,8.668,9.9853,11.4818,11.0566,9.4319,7.5721,8.0141,,,,,,
GTEX-XGQ4-1226-SM-4AT67,7.8944,8.9183,8.9138,11.7626,7.9444,8.8366,4.945,7.0129,,,TCGA-DM-A1D7-01,10.915,10.3203,9.7084,11.9056,9.0882,9.0014,7.9415,8.9318,,,,,,
GTEX-144GM-1226-SM-5LU52,7.8799,8.7127,10.2775,12.0673,8.6593,8.9709,6.506,7.5638,,,TCGA-DM-A1HA-01,10.1468,7.3471,10.4924,12.267,9.1172,10.7828,7.2968,8.2857,,,,,,
GTEX-111YS-1626-SM-5GZZ9,7.2606,3.1396,8.4457,11.4568,8.3067,9.6795,2.9089,2.9089,,,TCGA-T9-A92H-01,10.5007,9.4611,9.8509,11.5057,9.1263,9.1569,7.9138,8.917,,,,,,
GTEX-12C56-0626-SM-5EGGC,8.4813,9.4357,9.5628,11.7648,8.6449,8.6842,6.4536,8.6316,,,TCGA-AZ-6606-01,9.4024,9.7459,10.3699,11.796,9.0339,9.2511,8.6172,8.8434,,,,,,
GTEX-13O61-1626-SM-5KM3T,7.7108,3.4063,8.6544,11.3939,7.9074,9.813,1.9044,1.2459,,,TCGA-CK-5912-01,10.1171,9.0786,9.9199,12.5919,8.9146,9.1149,8.3413,9.4343,,,,,,
GTEX-QMRM-1226-SM-447C6,8.8784,9.7224,9.4322,11.9551,8.3082,9.1335,6.0723,8.4849,,,TCGA-CK-5914-01,11.0026,8.3797,10.7939,12.1438,9.5141,9.9173,8.7741,9.3248,,,,,,
GTEX-YB5E-1626-SM-5IFIQ,7.8698,9.7484,9.1932,11.8955,7.9049,8.5787,6.2002,7.6166,,,TCGA-A6-5664-01,9.2078,9.4121,10.5412,11.3993,9.1752,9.2663,9.1986,9.3699,,,,,,
GTEX-PLZ5-1126-SM-3P613,8.7357,10.0091,9.5511,12.0746,8.7954,8.9192,6.2107,8.433,,,TCGA-CM-5862-01,9.3794,6.4876,9.3987,11.7684,10.8619,10.0778,6.8286,7.8844,,,,,,
GTEX-YEC3-2426-SM-5IFJR,8.3851,8.9152,9.1215,11.6857,8.3339,9.0196,5.9396,7.8917,,,TCGA-D5-6928-01,9.74,9.6996,10.0807,11.4761,8.4076,9.3507,9.4646,8.2336,,,,,,
GTEX-ZTSS-1126-SM-5985O,7.5584,9.036,9.0756,11.7894,8.0176,9.3442,3.8377,6.5354,,,TCGA-DM-A1D4-01,10.6496,8.1816,10.3878,11.8939,8.9398,9.2168,7.8014,9.7161,,,,,,
GTEX-OHPM-1426-SM-3TW8Y,7.5079,8.952,8.7257,11.6785,8.3667,8.8174,3.542,6.5017,,,TCGA-G4-6311-01,10.5602,8.8623,10.4222,12.0956,8.5481,9.1639,8.1104,8.4466,,,,,,
GTEX-117YW-1826-SM-5PNY5,8.4526,10.4339,9.4689,10.7872,8.0564,8.0244,7.0049,8.2472,,,TCGA-A6-4105-01,10.9904,8.8147,10.3015,11.9751,9.1824,9.7015,9.2127,9.0229,,,,,,
GTEX-WY7C-1626-SM-4ONC8,6.3098,4.452,7.9219,10.9871,8.0374,9.4615,2.2976,3.6723,,,TCGA-AA-3495-01,10.7451,9.0535,9.8076,11.8907,10.741,9.1665,7.9378,9.0792,,,,,,
GTEX-QV31-0826-SM-4R1KR,8.3986,9.75,9.6118,11.8245,7.9887,8.4365,7.039,8.4961,,,TCGA-NH-A8F8-01,10.483,7.2075,10.4066,11.9392,9.3199,9.7722,7.7201,7.9737,,,,,,
GTEX-WFG7-1526-SM-4LVMG,7.772,9.7136,9.4745,11.7436,8.2381,8.4139,6.3521,8.3955,,,TCGA-A6-2675-01,9.5012,7.8358,9.7487,11.9022,9.5606,8.8927,6.3405,8.1415,,,,,,
GTEX-13S86-1626-SM-5Q5C5,8.28,9.5449,9.0922,11.9908,9.0111,9.0973,4.5252,6.7769,,,TCGA-A6-5666-01,9.8035,7.9128,9.659,11.4175,9.8371,9.5698,8.2167,8.9845,,,,,,
GTEX-ZDYS-2326-SM-4WKG6,8.4341,9.6641,9.4007,11.8616,7.8568,8.8827,5.8657,8.0543,,,TCGA-AD-6901-01,8.8627,6.826,10.1801,12.0347,8.9738,9.2435,6.0034,8.1491,,,,,,
GTEX-13O21-2426-SM-5MR4A,7.9033,10.1728,8.896,11.5753,8.4358,7.971,6.8205,8.7253,,,TCGA-DM-A28A-01,10.5016,9.0026,10.5777,12.1478,8.7969,9.792,9.1939,9.6861,,,,,,
GTEX-WHSB-0926-SM-4M1XJ,9.2485,10.5528,9.7849,11.7283,8.7744,8.6532,8.3849,9.8147,,,TCGA-G4-6628-01,9.6775,8.3998,9.9975,11.7969,9.312,9.9631,8.7053,9.1071,,,,,,
GTEX-OIZH-1426-SM-3NB1O,7.3534,9.3003,8.7194,11.6388,8.3911,9.149,4.598,6.6791,,,TCGA-AA-3506-01,10.4519,9.2759,9.2456,12.1337,8.938,9.5881,8.7864,8.8279,,,,,,
GTEX-YF7O-1726-SM-5IFJ9,8.464,10.236,9.8482,11.9824,8.603,8.8679,6.1317,8.5963,,,TCGA-AA-3697-01,10.1912,9.471,10.6743,12.2352,9.2559,9.6603,8.5466,9.0376,,,,,,
GTEX-UJMC-1326-SM-4IHLS,7.0387,9.1894,9.0345,11.6835,8.4007,8.6323,5.4755,8.0091,,,TCGA-AZ-6605-01,9.9084,8.2485,10.053,11.9834,9.4143,8.9597,7.8461,8.4026,,,,,,
GTEX-WFON-1426-SM-4LVMT,7.7509,9.5061,8.8635,11.7366,7.9364,8.1205,4.9418,7.7297,,,TCGA-CA-6719-01,9.7256,7.533,10.8608,11.8315,10.1565,9.3618,7.5993,8.4019,,,,,,
GTEX-11P82-1026-SM-5BC5J,7.1686,9.7479,9.7315,11.5876,8.3643,8.7226,5.4865,7.5144,,,TCGA-D5-6931-01,9.651,9.1649,10.416,11.8599,8.6037,9.2154,9.4778,9.2342,,,,,,
GTEX-NFK9-2026-SM-3LK5K,8.5556,9.3627,8.733,11.9493,7.9581,9.1576,4.295,6.916,,,TCGA-5M-AATE-01,11.0177,9.0873,10.3309,12.2695,9.1473,9.8448,8.1953,8.8532,,,,,,
GTEX-TKQ1-0626-SM-4DXTS,6.8109,3.4917,8.3682,11.3499,7.3981,9.7089,2.7775,1.3011,,,TCGA-AD-6889-01,10.0933,10.6523,9.5743,11.7011,8.138,9.1175,8.1991,8.5746,,,,,,
GTEX-XBED-1526-SM-4AT5W,8.0238,9.2107,9.7165,11.7437,7.9204,8.9489,5.5141,7.4291,,,TCGA-D5-6922-01,10.6337,9.0944,10.7411,12.4846,10.0338,9.3149,8.2435,9.597,,,,,,
GTEX-Y3I4-1426-SM-4TT9C,6.6709,3.7836,8.6234,11.6832,7.9606,9.8966,3.6432,2.8848,,,TCGA-AA-3489-01,9.7059,8.639,10.1117,11.8974,9.0266,9.3358,7.8204,8.9615,,,,,,
GTEX-13111-0726-SM-5DUVE,8.951,9.8361,9.5651,11.7689,7.9682,8.5437,6.068,8.4099,,,TCGA-D5-6531-01,10.3375,8.5178,10.0575,11.9335,8.042,9.3563,9.0106,8.2568,,,,,,
GTEX-R55D-1826-SM-48FEF,7.6764,10.395,9.3616,11.7952,8.1955,8.3392,6.3313,7.8255,,,TCGA-DM-A1HB-01,10.0586,9.4086,9.4552,11.1917,8.2252,9.3896,8.6504,8.452,,,,,,
GTEX-SNOS-1226-SM-4DM5H,8.8232,9.9016,9.1121,11.7343,8.4234,8.8094,5.6785,8.1184,,,TCGA-DM-A28G-01,9.4533,8.7071,10.3576,11.4028,10.1501,9.2612,7.2172,8.4941,,,,,,
GTEX-XAJ8-0426-SM-47JYJ,7.9636,5.8488,9.3262,11.89,7.852,9.384,4.0173,4.6136,,,TCGA-DM-A28K-01,9.6071,8.8346,10.5344,11.6701,9.2211,8.5748,7.2895,9.3243,,,,,,
GTEX-145LT-0926-SM-5LU9C,8.5066,9.6156,9.7016,11.7071,8.5276,8.5618,6.6464,8.6661,,,TCGA-G4-6294-01,9.7599,8.3832,10.1615,11.4721,8.5678,9.6249,8.2167,8.8519,,,,,,
GTEX-XBEW-1926-SM-4SOJO,7.7536,9.2467,9.3541,11.8376,8.2,8.7319,5.1414,7.9241,,,TCGA-5M-AAT4-01,10.8579,9.2109,10.5189,11.8229,10.1758,9.914,8.2508,9.5192,,,,,,
GTEX-12BJ1-2126-SM-5BC5O,7.4281,9.3413,9.718,11.5235,8.0308,8.6766,4.5443,7.309,,,TCGA-A6-5656-01,10.50917288,8.830971056,11.21598861,11.59832049,10.93990573,10.34056342,9.306813624,8.919937306,,,,,,
GTEX-U3ZM-1126-SM-4DXUB,6.3849,8.3983,8.5879,11.5072,8.6229,8.9239,3.5489,7.0498,,,TCGA-A6-6780-01,8.882804928,10.15547686,10.30553062,11.61614784,9.909344914,9.963034801,10.29730191,9.614903955,,,,,,
GTEX-111CU-1426-SM-5GZYP,8.9167,10.4045,9.6839,12.0589,8.2668,9.1142,7.1703,8.8271,,,TCGA-CM-6163-01,10.1904,8.7015,10.0539,11.9554,9.6489,9.3159,7.8356,8.7128,,,,,,
GTEX-WH7G-1326-SM-4LVMS,7.0924,8.2473,8.7886,11.6261,7.8992,8.9158,4.8277,7.0096,,,TCGA-CM-6165-01,9.7179,9.2334,9.9359,11.5165,8.764,9.1195,7.5027,8.4987,,,,,,
GTEX-14DAR-1526-SM-5RQIX,7.8243,9.4459,9.1486,11.5745,8.3925,8.8417,6.0781,8.2195,,,TCGA-DM-A28C-01,9.1281,9.0614,9.8137,11.1605,8.4539,8.4699,6.7377,8.6556,,,,,,
GTEX-Q2AI-0926-SM-48U1F,8.6402,10.1675,9.3037,11.9162,7.7899,8.4634,6.8129,8.4972,,,TCGA-A6-5660-01,9.6645,7.3926,10.2505,11.2911,10.3604,9.561,7.1843,8.3676,,,,,,
GTEX-1399R-2226-SM-5P9JB,9.5568,10.6151,9.4095,12.1112,8.5026,8.1301,7.2759,8.4915,,,TCGA-AA-3502-01,8.697,8.0559,9.7812,11.4234,10.0938,9.4862,7.4298,8.3979,,,,,,
GTEX-14E6E-1526-SM-5RQIG,6.8177,9.8643,8.3264,11.6727,7.7572,8.1614,4.4728,5.8785,,,TCGA-AA-A02Y-01,9.8819,8.0211,9.4684,11.4103,8.3072,9.0641,8.2687,8.2907,,,,,,
GTEX-SUCS-1026-SM-5CHTC,0,0,0,0,0,0,0,0,,,TCGA-AD-6888-01,10.6734,8.2365,10.0302,11.5714,8.5218,8.9912,7.011,8.1843,,,,,,
GTEX-WFG8-1526-SM-5CHSI,0,0,0,0,0,0,0,0,,,TCGA-D5-5540-01,10.6108,7.6864,10.5734,11.9374,11.5486,10.3894,9.0711,9.6846,,,,,,
GTEX-WFON-1426-SM-5CHT1,0,0,0,0,0,0,0,0,,,TCGA-D5-6536-01,9.4948,7.1045,10.0826,11.5913,9.2503,9.3776,7.8554,8.8898,,,,,,
GTEX-13W3W-2126-SM-5K7UX,5.7369,3.873,9.1942,11.6112,7.2417,9.5301,1.7116,1.0961,,,TCGA-DM-A28F-01,10.4528,9.0136,10.9603,12.1152,9.9982,9.2519,8.2556,9.4636,,,,,,
GTEX-11TTK-2426-SM-5PNYO,5.9233,2.893,7.9273,10.6731,8.6981,9.1038,0.9398,1.5041,,,TCGA-G4-6320-01,9.524,9.2423,9.7506,11.3651,8.7552,8.9453,7.7705,8.5295,,,,,,
GTEX-13O3O-2526-SM-5L3DR,6.6374,6.0172,8.8007,11.168,8.3546,8.8751,3.8118,4.7595,,,TCGA-AZ-6599-01,9.1197,8.254,10.1505,11.1601,9.2652,8.9346,7.5749,8.4762,,,,,,
GTEX-145LS-2726-SM-5Q5D8,5.9676,3.3264,8.184,11.2234,9.0036,9.1885,2.5671,3.3264,,,TCGA-CM-5348-01,9.1475,8.3451,9.2443,11.7363,9.0051,9.2326,6.888,9.0301,,,,,,
GTEX-P78B-1726-SM-3P5ZV,8.6977,9.0461,8.9687,11.7961,8.9095,9.0584,6.9574,8.078,,,TCGA-A6-2674-01,8.700681803,8.381723377,11.34139581,11.1567797,10.96101598,9.796504524,9.490888287,9.055950458,,,,,,
GTEX-11GSP-1626-SM-5986N,7.1827,3.0255,8.6729,11.2981,9.3631,9.0757,0,1.2801,,,TCGA-G4-6306-01,10.3264,9.475,9.8051,12.2352,9.5958,8.5968,7.5966,7.7255,,,,,,
GTEX-11ZVC-2126-SM-5EGJ1,7.5901,6.3748,8.5153,11.4453,9.1068,9.1278,4.8437,6.5803,,,TCGA-QG-A5Z1-01,10.1403,9.5354,10.1279,11.4661,9.4158,9.1856,7.4682,8.8394,,,,,,
GTEX-14AS3-1126-SM-5Q5CR,6.3376,2.8855,7.6828,11.3733,8.7379,9.5481,0,1.6461,,,TCGA-A6-2682-01,9.5299,7.8508,9.7302,11.8493,9.7965,9.11,8.02,8.6697,,,,,,
GTEX-11P81-1126-SM-5GU5G,6.2515,3.0907,7.5204,10.9486,8.8823,9.316,2.405,2.078,,,TCGA-AA-3685-01,11.0832,8.6161,8.7821,12.0904,9.9995,9.9276,6.9649,7.9222,,,,,,
GTEX-13U4I-2426-SM-5LU34,6.9085,3.887,7.9472,11.4428,8.6388,8.9933,0,1.8107,,,TCGA-AZ-6607-01,9.0084,6.9428,9.2727,10.3816,6.5758,9.426,7.6487,7.2624,,,,,,
GTEX-145ME-0826-SM-5O9AF,7.099,2.8173,9.107,11.472,7.816,9.4429,1.5927,0,,,TCGA-CM-4743-01,9.708,8.8307,9.3682,11.5007,8.0589,9.151,8.3012,8.0938,,,,,,
GTEX-11ILO-2026-SM-5N9CQ,7.6236,7.287,8.306,11.4382,9.2253,9.0792,5.047,5.9372,,,TCGA-CM-4744-01,10.099,8.9522,9.5195,11.9596,9.7291,9.4634,7.8448,8.623,,,,,,
GTEX-OXRK-1726-SM-3NB16,7.8664,9.6243,9.3039,11.639,9.3725,8.6205,6.8046,8.5029,,,TCGA-D5-6529-01,8.9845,8.7372,9.8769,11.074,9.4348,9.1908,7.7911,8.2692,,,,,,
GTEX-ZXES-1626-SM-5NQ7L,5.8968,5.0746,9.4083,11.2851,7.889,9.2944,2.9657,2.3469,,,TCGA-D5-6932-01,9.9204,8.9654,9.9136,12.2719,9.082,9.7082,7.2315,8.6578,,,,,,
GTEX-R53T-1326-SM-48FCQ,9.1201,10.2731,9.7265,11.7576,9.2151,8.8215,7.6848,8.9621,,,TCGA-G4-6299-01,9.4722,8.0702,9.7183,11.1205,10.3172,9.7989,8.4329,8.7564,,,,,,
GTEX-PX3G-1426-SM-48U1J,8.814,9.0034,9.1992,11.5519,8.3432,8.9331,6.6846,8.0262,,,TCGA-G4-6310-01,9.152,7.4964,9.7681,11.6613,9.149,9.6481,7.3151,8.03,,,,,,
GTEX-S341-1426-SM-4AD6U,7.0524,1.1359,8.0983,11.4474,8.0389,9.5974,2.8049,1.7635,,,TCGA-NH-A50V-01,9.1301,8.0543,10.3392,11.7201,9.7248,9.5965,7.0923,8.6347,,,,,,
GTEX-133LE-1526-SM-5IFEN,7.3913,9.2785,9.8971,11.5124,8.8951,8.7688,6.4642,8.1003,,,TCGA-AA-3655-01,10.1606,9.433,9.3613,11.9275,9.2215,9.2692,8.8506,9.3306,,,,,,
GTEX-1128S-1626-SM-5H12O,8.5587,9.3237,8.9774,11.2837,8.7398,8.7942,7.2048,8.9204,,,TCGA-AA-3713-01,10.3426,10.2249,9.9046,11.7355,9.0426,8.964,9.0277,9.8372,,,,,,
GTEX-Y114-1526-SM-4TT79,7.8644,3.7595,8.4907,11.6339,8.014,9.8121,3.2898,3.0918,,,TCGA-AA-A01Z-01,10.5357,9.8976,10.0928,12.3423,9.9522,8.9768,7.6358,9.0487,,,,,,
GTEX-XV7Q-2126-SM-4BRVX,9.1193,9.6286,9.3423,11.6892,9.4862,8.7264,6.8763,8.1473,,,TCGA-AZ-6601-01,10.1824,9.9544,9.8809,11.8016,8.6874,9.0359,8.567,9.9004,,,,,,
GTEX-XYKS-2226-SM-4E3IU,7.2248,8.2901,8.8427,12.0572,8.6684,9.3792,3.7422,5.2995,,,TCGA-D5-6924-01,10.5489,8.8094,10.2957,11.5093,9.0809,9.2108,8.7902,8.8746,,,,,,
GTEX-UPIC-1726-SM-4IHKG,8.0537,9.1682,8.8861,11.5257,8.2758,8.159,6.0782,8.4986,,,TCGA-DM-A1DB-01,11.4459,8.4961,10.7453,12.3756,9.9197,9.1198,8.9489,10.2525,,,,,,
GTEX-Q734-1126-SM-48TZY,7.9238,9.2897,8.8934,11.7931,8.9786,8.4296,6.2134,7.7331,,,TCGA-DM-A288-01,9.273,9.1416,10.3895,11.7836,9.1721,8.7395,8.0928,8.8726,,,,,,
GTEX-ZYFG-1926-SM-5GID5,6.7365,2.3107,8.8262,11.336,7.8175,9.52,0,0,,,TCGA-4N-A93T-01,9.7607,7.7497,10.176,12.2668,9.0732,9.4678,6.634,7.4468,,,,,,
GTEX-ZLV1-1226-SM-4WWBX,6.3576,9.2616,9.2137,11.6362,8.8428,8.6681,4.6881,7.5159,,,TCGA-AD-5900-01,10.3083,9.8453,9.5073,11.1326,9.1639,9.3239,8.4698,8.1798,,,,,,
GTEX-Y3IK-1826-SM-4WWDS,8.5162,9.775,9.0622,11.7469,8.5829,8.2297,6.8037,8.6449,,,TCGA-CM-6169-01,8.9792,7.78,10.1063,10.9071,9.5528,8.9819,7.4083,7.7896,,,,,,
GTEX-ZGAY-2126-SM-4YCFB,7.8631,9.1451,9.0253,11.4828,7.6227,8.929,4.3958,6.9373,,,TCGA-D5-6930-01,10.5513,10.5634,9.263,11.6212,8.6143,9.0505,7.9092,9.3089,,,,,,
GTEX-S7SF-1926-SM-4AT5B,8.1274,9.9723,9.0302,11.8027,8.6486,8.6052,6.3238,8.3156,,,TCGA-A6-6649-01,9.3317,9.7389,9.678,11.4847,8.8007,9.4529,8.3489,9.278,,,,,,
GTEX-147F3-1926-SM-5SIB9,8.0238,9.3856,9.4431,11.6219,8.177,8.929,6.2997,8.6069,,,TCGA-D5-6540-01,10.4749,9.5765,9.3741,11.2773,8.4472,9.2939,9.1045,8.763,,,,,,
GTEX-QCQG-1626-SM-48U26,8.035,9.809,9.2618,11.7716,8.4238,8.6004,6.7325,8.9145,,,TCGA-G4-6315-01,10.6584,9.4228,10.4036,11.8769,9.3956,9.2656,7.9121,8.668,,,,,,
GTEX-13D11-0826-SM-5KLZJ,7.3118,8.9523,8.9822,11.6257,8.1906,8.534,5.5726,7.457,,,TCGA-A6-5657-01,10.2593,9.4584,10.5176,11.8378,10.362,9.4319,7.8109,9.0176,,,,,,
GTEX-Y8LW-1226-SM-4WWDP,6.8495,5.9552,8.3298,11.5571,7.9136,9.499,2.9372,3.9475,,,TCGA-AA-3712-01,10.4934,9.417,10.5432,12.3878,9.8041,9.4804,8.8383,8.8182,,,,,,
GTEX-ZYWO-1626-SM-5E44H,8.8262,10.0616,9.2718,11.6445,8.4313,8.3641,7.0114,8.1782,,,TCGA-AD-6890-01,10.3681,8.8117,10.1012,12.1415,9.0487,9.0008,7.6629,8.7248,,,,,,
GTEX-ZF29-1726-SM-4WKFV,7.2175,1.7671,8.5909,11.3197,7.3879,9.7553,2.2034,1.7671,,,TCGA-CA-6716-01,8.2664,7.3659,10.4993,11.3461,9.5854,9.7545,6.5413,7.424,,,,,,
GTEX-ZF2S-1926-SM-4WWAN,8.6181,9.8527,9.8092,11.5826,8.6653,8.5461,7.0095,9.0829,,,TCGA-D5-6926-01,10.4223,8.8723,10.4216,11.7315,9.5992,9.4779,7.9834,8.6919,,,,,,
GTEX-S4P3-1226-SM-4AD4Y,8.8201,10.1821,9.5432,12.0266,8.6582,9.0686,6.7221,8.6142,,,TCGA-DM-A0XD-01,10.4829,9.3054,10.1175,12.1382,9.0028,9.1169,8.3176,8.5322,,,,,,
GTEX-WEY5-1426-SM-4LMJ3,7.1975,1.8586,8.7364,11.4395,7.2065,9.9025,1.21,0,,,TCGA-G4-6322-01,10.265,8.0433,9.9964,11.9377,8.5962,9.4035,7.9082,8.4606,,,,,,
GTEX-13FH7-1526-SM-5J2N6,6.0128,2.2227,8.4233,11.6506,7.895,9.6514,1.7845,0,,,TCGA-AA-3511-01,10.2495,8.7291,10.3207,11.8974,9.1889,8.8844,8.1201,8.8924,,,,,,
GTEX-132AR-2726-SM-5PNVN,7.439,9.9248,9.2349,11.5889,9.2774,8.2518,5.9909,7.8455,,,TCGA-AZ-6600-01,9.5702,8.8493,10.2047,11.8246,9.3204,9.2507,7.8173,9.1184,,,,,,
GTEX-ZP4G-1726-SM-4WWCM,8.1768,9.4887,8.9787,11.6448,7.903,8.9467,5.9953,8.0622,,,TCGA-D5-6537-01,10.579,8.9467,9.7328,11.5334,9.3684,9.9614,9.0702,8.9677,,,,,,
GTEX-1399S-1926-SM-5J2M5,8.4297,10.0155,9.684,12.1184,8.0164,8.5893,6.3822,8.3061,,,TCGA-F4-6703-01,8.736,8.2469,9.9719,11.4622,7.6694,9.0225,9.1439,7.9144,,,,,,
GTEX-PWOO-1326-SM-48TCJ,9.3491,10.1251,9.9214,11.8467,9.0416,8.9359,7.6434,9.457,,,TCGA-CA-6715-01,10.6741,8.4895,10.3393,11.7428,9.5714,9.5461,7.9235,9.143,,,,,,
GTEX-RU1J-1326-SM-46MUL,8.0077,8.2083,8.8028,11.7691,8.4345,9.5409,5.3491,6.877,,,TCGA-CK-5915-01,9.6669,9.432,10.0883,10.9892,9.8132,9.5243,8.7563,9.6693,,,,,,
GTEX-T6MO-0826-SM-4DM51,7.5809,4.4352,8.4054,11.3666,8.219,9.3017,2.0615,3.1596,,,TCGA-D5-5541-01,10.6598,8.7046,10.3147,11.7384,10.315,9.9596,7.9603,9.3729,,,,,,
GTEX-TML8-1326-SM-4DXTO,8.7435,10.1915,9.426,11.6284,8.4434,7.8971,7.2206,8.7716,,,TCGA-DM-A28M-01,10.0139,8.7075,9.7253,11.4654,9.2804,8.9119,8.1174,8.3182,,,,,,
GTEX-W5WG-2426-SM-4LMI6,8.2305,9.8551,9.4011,11.7602,8.5167,8.5384,5.91,8.366,,,TCGA-A6-3810-01,8.95521608,8.692153686,11.8539116,11.07690357,10.79370106,10.30595729,9.187286706,9.177796534,,,,,,
GTEX-X15G-1326-SM-4PQZJ,8.5682,9.5561,9.1921,11.9023,8.3712,8.6603,6.9358,8.5058,,,TCGA-A6-6140-01,11.7238,10.4843,10.0717,12.0779,8.9559,9.0227,9.1448,9.6462,,,,,,
GTEX-XUW1-1926-SM-4BOP1,7.7235,8.5929,8.709,11.5006,8.0145,9.1187,4.749,6.9539,,,TCGA-AD-6965-01,10.4811,9.6568,10.7414,11.9463,9.4335,9.5056,8.8413,9.4969,,,,,,
GTEX-P4QT-1426-SM-3NMCX,8.7382,9.9843,9.2307,11.9299,8.5056,8.7576,6.5738,8.7098,,,TCGA-CM-4751-01,9.9212,9.4223,10.3202,11.7616,9.9892,9.1851,7.2345,8.7417,,,,,,
GTEX-13PL7-2526-SM-5IFGR,8.1603,10.1489,9.7419,11.6776,8.5383,8.4646,6.1828,8.0988,,,TCGA-A6-6138-01,10.2946,8.8026,10.3994,11.9353,9.1847,9.8628,8.859,8.5957,,,,,,
GTEX-XUZC-1326-SM-4BRV2,8.6247,10.1702,9.5029,12.0773,8.2203,8.3481,6.5517,8.4688,,,TCGA-AZ-4315-01,9.6781,8.8735,9.2976,11.8069,9.4612,9.4882,7.6119,7.8283,,,,,,
GTEX-ZYVF-2826-SM-5GIDK,5.2455,3.7346,9.0768,11.5327,9.5487,9.0133,4.6003,4.3328,,,TCGA-AZ-4682-01,10.6488,8.243,8.8997,12.3604,9.1629,9.2502,7.5672,8.5325,,,,,,
GTEX-PWCY-1026-SM-48TD4,8.3232,9.5308,9.7694,12.1523,7.9434,9.184,6.0938,7.3963,,,TCGA-D5-6532-01,10.5095,8.9215,10.1189,12.6347,8.9091,9.0955,8.635,9.2031,,,,,,
GTEX-13CF3-1426-SM-5K7YY,6.0653,2.3097,9.5865,11.6308,7.4592,9.7792,2.6501,2.3097,,,TCGA-QG-A5Z2-01,9.8545,9.8638,10.0809,11.6663,9.6258,9.1012,8.4568,9.8131,,,,,,
GTEX-SE5C-1526-SM-4BRWU,6.9803,8.6864,8.7254,11.6171,7.6455,8.8085,4.3719,6.7916,,,TCGA-AY-6197-01,9.7035,10.0157,10.039,12.0113,9.5162,9.2336,8.2866,9.1488,,,,,,
GTEX-UJHI-1126-SM-4IHLN,8.7914,10.0649,8.9034,12.083,8.3335,8.5318,6.8689,8.9374,,,TCGA-CM-5864-01,9.5368,7.9537,9.7845,11.6284,9.0861,9.1323,7.6271,8.2548,,,,,,
GTEX-T5JW-1126-SM-4DM5V,8.3777,10.0964,9.5942,11.9753,8.8396,8.3191,6.4026,8.1348,,,TCGA-D5-5539-01,9.0054,8.5552,10.3641,11.58,8.6655,8.9013,7.535,9.3043,,,,,,
GTEX-XUJ4-2026-SM-4BOOW,9.1103,10.5047,9.3185,12.1374,8.2511,8.4419,7.2608,8.8989,,,TCGA-F4-6569-01,8.9402,8.397,9.9333,11.1619,9.2468,8.7435,7.0332,8.4311,,,,,,
GTEX-11I78-1226-SM-5A5K6,8.8007,10.1341,9.5893,12.0284,8.2453,8.8405,6.2451,8.4751,,,TCGA-F4-6704-01,9.2637,7.8892,9.7933,11.7833,8.2429,9.0163,7.7944,9.5903,,,,,,
GTEX-Y5LM-1526-SM-4VDTA,8.2144,10.0312,8.6118,11.6195,7.9495,8.278,5.8817,8.3578,,,TCGA-A6-6652-01,10.3232,7.5273,10.0314,11.6074,10.4125,10.146,7.8054,7.9876,,,,,,
GTEX-1211K-1726-SM-5FQUJ,6.6306,8.7244,9.611,11.6583,8.2266,8.6399,5.5051,7.3234,,,TCGA-A6-A5ZU-01,9.1535,6.91,10.1573,11.5519,8.5839,9.8537,7.538,7.5985,,,,,,
GTEX-1122O-1526-SM-5N9CL,7.0642,9.2804,9.1651,11.8032,7.3542,8.1676,4.8755,7.4063,,,TCGA-AD-6963-01,11.1542,9.6072,10.1697,12.4294,9.4734,9.8302,8.4306,9.399,,,,,,
GTEX-R55G-1226-SM-48FDC,6.7745,9.1153,8.8528,11.5868,7.9633,8.3172,5.0077,7.3823,,,TCGA-AD-6964-01,9.5665,9.0327,9.6394,11.8643,8.2387,8.9735,7.134,8.3275,,,,,,
GTEX-PWN1-1426-SM-48TDF,7.9546,9.4528,9.3066,11.8136,8.1802,8.8594,5.7327,8.5346,,,TCGA-CM-6679-01,10.1926,8.0767,10.0873,11.94,9.168,9.0979,7.846,8.7051,,,,,,
GTEX-11DXX-1826-SM-5H126,7.9416,9.8146,9.3339,11.9883,7.5817,8.4431,5.1616,7.3968,,,TCGA-NH-A6GA-01,10.273,7.9761,10.8862,11.9589,10.3502,9.7886,8.4568,9.4534,,,,,,
GTEX-13QBU-1826-SM-5IJG3,7.8772,9.2916,9.5673,11.7917,8.2978,8.4455,5.6218,8.1464,,,TCGA-A6-A56B-01,11.0722,8.8122,11.4786,11.81,9.2635,9.2983,8.5021,9.8161,,,,,,
GTEX-12WSJ-1526-SM-5GCNI,6.1515,5.4802,9.028,11.5023,7.6114,9.2942,2.9283,4.381,,,TCGA-AA-3526-01,10.6606,8.2474,10.0208,11.9141,10.0321,9.4667,7.9205,8.9064,,,,,,
GTEX-132NY-2726-SM-5PNY2,6.1392,2.8393,7.5022,11.2992,8.8693,8.9079,0,0.9103,,,TCGA-CA-6717-01,9.3805,9.2299,9.7802,11.4267,9.2837,9.3714,8.5882,9.4117,,,,,,
GTEX-13OW6-2226-SM-5N9FL,6.6045,2.9652,7.318,11.47,9.9637,9.2686,2.5519,0.9802,,,TCGA-D5-6923-01,11.0743,8.4274,10.4941,12.193,10.182,9.4204,8.3909,9.3398,,,,,,
GTEX-12ZZY-2726-SM-5EQ45,6.2658,3.2386,7.6987,10.9966,8.9777,9.0599,1.6368,1.0391,,,TCGA-A6-6648-01,10.5386,10.0479,10.2177,12.108,10.0186,9.5812,9.4034,10.5088,,,,,,
GTEX-XGQ4-1726-SM-4RH4G,6.4335,4.9915,8.7976,11.6125,7.3929,10.3041,3.2332,4.46,,,TCGA-A6-A567-01,9.5604,7.7366,10.4346,11.9454,9.1667,10.0583,7.5171,8.4228,,,,,,
GTEX-11GS4-1826-SM-5HL4T,7.0622,2.6326,8.3376,11.2336,8.7014,8.954,1.8483,1.2019,,,TCGA-CA-5797-01,10.3009,8.7613,10.1379,12.0223,10.1609,9.3445,7.942,8.787,,,,,,
GTEX-147JS-2626-SM-5S2UX,6.8646,3.65,8.1918,11.2938,9.0754,8.9925,2.2783,1.1914,,,TCGA-A6-6137-01,9.5462,8.5864,9.8709,11.4739,9.4151,8.8404,7.5123,8.6962,,,,,,
GTEX-148VJ-2426-SM-5NQ9Y,6.6548,2.2172,8.9152,10.978,9.0119,9.245,1.7796,1.7796,,,TCGA-D5-6530-01,9.639,9.1545,9.3636,11.5826,8.2245,8.8016,7.8815,9.5448,,,,,,
GTEX-13SLW-2826-SM-5Q5ES,6.4528,0,7.7802,10.9503,8.7857,8.5986,3.667,1.1178,,,TCGA-AD-A5EK-01,10.5622,8.7451,10.1978,11.5329,9.8315,10.1457,7.8879,8.9548,,,,,,
GTEX-ZYT6-2826-SM-5GICX,5.9489,0,7.9156,11.1984,8.8954,9.0874,0,1.8648,,,TCGA-F4-6463-01,8.8545,8.3591,10.3689,11.2753,9.9981,9.1561,7.8898,8.3426,,,,,,
GTEX-1212Z-1826-SM-5FQSH,7.3206,3.9677,8.2266,11.3082,9.518,8.979,1.7019,3.8599,,,TCGA-RU-A8FL-01,11.11,9.3903,10.3006,11.667,9.6448,9.1768,7.7508,9.2544,,,,,,
GTEX-13FHO-2726-SM-5K7VG,6.2702,3.2606,8.0437,11.1923,8.9256,8.7642,2.0769,2.8949,,,TCGA-AA-A02K-01,10.5358,10.2666,10.5412,12.2993,9.0354,9.4385,8.5643,9.1155,,,,,,
GTEX-11EI6-2626-SM-5PNVT,6.1573,1.6473,7.6994,11.2186,9.3493,8.8802,2.3964,1.6473,,,TCGA-DM-A28H-01,11.1731,9.5222,9.5521,12.1331,10.4878,8.9505,9.4781,10.4832,,,,,,
GTEX-ZPU1-1726-SM-4WWFV,7.0704,2.6443,8.0707,11.6953,8.3063,9.7185,2.0536,2.0536,,,TCGA-AZ-4684-01,9.7216,8.2878,9.7896,11.6233,10.0414,8.7284,6.736,8.9293,,,,,,
GTEX-YEC3-2026-SM-4WWFL,7.2428,4.3252,8.6644,11.5382,7.3317,9.4843,3.8412,1.5383,,,TCGA-D5-6541-01,8.4723,8.1651,10.3222,11.3702,9.5271,9.182,5.898,7.7024,,,,,,
GTEX-YECK-2826-SM-5IFHF,6.7882,3.6898,8.1454,11.3554,8.8002,9.3537,3.2224,2.5265,,,TCGA-AY-6196-01,8.3677,8.2907,9.9442,11.0616,7.6858,9.161,6.7149,7.1525,,,,,,
GTEX-11DXY-2026-SM-5N9CZ,6.7688,2.7033,8.1403,11.4621,9.2172,9.2979,1.0721,0,,,TCGA-CM-4747-01,8.8845,7.3825,9.9778,11.2079,9.4875,8.9637,6.898,7.68,,,,,,
GTEX-147GR-2826-SM-5RQK8,5.3667,3.6654,6.9586,11.1818,8.9267,8.7884,4.3562,0,,,TCGA-A6-5662-01,9.4405,6.8326,9.6738,11.7573,9.983,9.8931,6.2583,8.2408,,,,,,
GTEX-WHPG-1626-SM-4M1ZL,6.4377,2.0478,7.4809,10.946,8.0895,9.2271,2.3729,1.6276,,,TCGA-CA-6718-01,10.7679,9.5052,10.5005,11.8098,9.5621,10.2901,9.2684,9.0061,,,,,,
GTEX-YJ8A-1726-SM-5P9IQ,8.3185,7.258,9.142,11.7588,8.5582,9.6961,4.9167,6.917,,,TCGA-CA-5255-01,9.4908,8.2484,9.2481,11.1941,9.0939,9.0068,8.5438,7.974,,,,,,
GTEX-WHWD-1526-SM-4OORV,6.9708,3.7778,7.9492,11.4801,8.9161,9.2814,0.9323,0,,,TCGA-F4-6856-01,9.462,9.4113,9.6416,11.267,7.2841,8.4354,8.5468,9.5111,,,,,,
GTEX-13CF2-1826-SM-5N9GK,7.2998,5.0907,8.2064,11.4463,9.3211,9.1081,2.7033,5.3466,,,TCGA-AY-A8YK-01,10.9906,9.2959,9.6708,12.0353,9.5297,8.9861,8.5349,9.2062,,,,,,
GTEX-13OW8-2726-SM-5L3FZ,6.5661,1.1387,6.529,11.1759,9.3212,9.1475,1.7671,0,,,TCGA-CM-5860-01,9.7536,8.3839,9.7178,11.525,9.8187,9.0411,7.9082,8.2421,,,,,,
GTEX-11EQ9-1526-SM-5PNY7,7.7796,7.272,8.7009,11.6206,8.2257,9.4863,4.0934,6.1423,,,TCGA-A6-6781-01,8.727458392,9.092899067,10.22228281,10.54914016,8.860100988,9.214956074,7.983562292,8.700090468,,,,,,
GTEX-11ZU8-1126-SM-5EQ5K,5.5433,3.1784,8.8952,11.0905,8.3039,8.6131,2.3295,0,,,TCGA-AZ-5403-01,9.3369,7.8897,9.6771,11.958,10.3453,9.6619,6.9674,8.8221,,,,,,
GTEX-11P82-1226-SM-5HL5P,5.5061,3.5983,10.0123,11.7438,7.651,9.1449,3.5983,3.1597,,,TCGA-AA-3663-01,9.4549,9.0305,9.1957,11.7862,9.5687,9.3125,8.2683,8.3315,,,,,,
GTEX-11PRG-2026-SM-5GU5F,6.3596,4.053,8.2971,10.8247,9.1615,8.8618,2.0426,1.3561,,,TCGA-NH-A50U-01,9.9591,9.4796,10.4346,11.6105,9.7465,8.9449,8.6307,9.4773,,,,,,
GTEX-117XS-2226-SM-5GIE1,6.6363,2.7284,7.6084,11.1051,9.4147,8.9885,1.9312,2.7284,,,TCGA-CM-6674-01,9.5877,9.3641,9.1703,11.2491,8.2863,8.5495,8.1605,9.7103,,,,,,
GTEX-14A5H-1626-SM-5SIAN,6.4712,1.3757,9.0338,11.7032,8.613,9.4238,1.3757,0,,,TCGA-AZ-4323-01,9.9845,9.3416,10.2506,12.1042,9.6815,9.6592,9.0546,8.2057,,,,,,
GTEX-Z93S-2626-SM-57WBX,7.0633,2.7073,8.4535,11.3708,8.4384,8.9917,1.6837,1.6837,,,TCGA-CM-6675-01,10.9231,9.5354,10.1844,11.4032,7.7394,9.362,9.3575,10.2025,,,,,,
GTEX-ZY6K-1326-SM-5GZWP,5.747,2.3988,8.9186,11.6434,8.64,9.6796,0,0,,,TCGA-D5-6927-01,9.8586,9.7263,10.0058,11.8814,8.6956,8.8567,8.3036,9.4422,,,,,,
GTEX-11DXZ-1626-SM-5GIDI,7.12,2.4571,8.6585,11.4144,8.5247,9.4839,3.3194,2.4571,,,TCGA-A6-6141-01,9.2489,8.7949,9.666,11.1735,8.7562,8.8268,7.6406,8.841,,,,,,
GTEX-ZTTD-2626-SM-57WEX,6.2737,4.1462,8.6466,11.9458,9.1357,9.3631,2.5294,3.0286,,,TCGA-AA-3492-01,9.6675,9.4701,8.9954,11.8626,8.808,9.7709,7.7398,8.7294,,,,,,
GTEX-Y5V6-1626-SM-4VDT2,7.2638,8.5336,8.9754,11.7202,8.7253,8.3443,4.9682,7.7744,,,TCGA-G4-6302-01,8.659,8.0392,9.3259,11.0227,7.8314,9.1265,7.0811,6.959,,,,,,
GTEX-ZAB4-2426-SM-5HL8A,6.0617,3.1531,8.0526,10.7988,8.7267,8.5648,4.1785,2.647,,,TCGA-NH-A5IV-01,10.308,10.4721,9.9716,11.9488,8.6936,9.1644,8.5103,9.2952,,,,,,
GTEX-13N2G-2226-SM-5IJCU,7.1605,2.7906,8.0304,11.2595,9.3498,8.9692,1.9854,1.9854,,,TCGA-CK-6751-01,9.8219,9.6358,9.565,11.2204,8.6679,8.5896,7.8412,9.1916,,,,,,
GTEX-14C39-1626-SM-5S2P4,5.9565,2.3175,8.7921,11.5027,8.9124,9.056,2.3175,2.9338,,,TCGA-CK-6747-01,9.3502,9.781,9.6638,11.3845,8.6442,8.884,8.3612,9.3802,,,,,,
GTEX-13X6I-2726-SM-5Q5ET,6.0741,3.432,8.6951,10.9944,8.9799,8.6352,4.6402,3.8132,,,TCGA-A6-5665-01,9.136050735,9.615128072,9.923749366,11.28401057,9.324471591,9.100779866,9.389299694,9.338743182,,,,,,
GTEX-13111-1926-SM-5GCOL,6.5885,2.6876,8.3313,10.9831,7.4755,9.5123,0,1.2391,,,TCGA-CK-6746-01,9.6732,8.6112,9.9056,11.7034,9.522,9.0266,9.6041,9.4155,,,,,,
GTEX-XXEK-1826-SM-4BRVC,6.8246,1.2552,8.4476,11.5946,9.2167,9.8208,1.9161,0,,,TCGA-CM-6168-01,9.215,8.3815,10.296,11.5179,9.589,9.1536,8.844,9.0013,,,,,,
GTEX-YF7O-1626-SM-5IFII,6.4441,2.3501,8.8669,11.3568,8.0645,9.3412,2.3501,1.2426,,,TCGA-QL-A97D-01,10.4572,10.0948,10.4372,12.179,9.2514,9.1966,8.6971,9.2122,,,,,,
GTEX-X5EB-1126-SM-46MVV,8.5485,9.392,9.6151,11.8317,8.6455,8.5424,6.4598,8.6934,,,TCGA-AA-3496-01,10.2238,8.0265,10.0032,11.5753,9.4766,9.8397,8.2663,8.5157,,,,,,
GTEX-11TUW-2326-SM-5EQMO,7.3242,1.9521,9.4886,11.5325,8.8474,9.8275,1.2837,1.2837,,,TCGA-A6-2672-01,9.147290952,10.21653011,10.40159242,11.38168304,9.287484719,9.511651908,10.23439562,9.092413551,,,,,,
GTEX-11EQ8-2626-SM-5N9BO,7.1294,5.7496,8.2264,11.9196,9.6061,9.141,5.5649,3.0948,,,TCGA-AZ-4616-01,10.0217,8.2077,10.1257,12.5095,9.1299,8.96,7.9105,7.9298,,,,,,
GTEX-11ONC-1926-SM-5GU75,7.3103,7.232,7.9324,11.1535,9.1589,8.1611,5.6339,6.6678,,,TCGA-A6-2686-01,9.7292,9.0426,9.1108,11.8148,9.53,10.4582,7.9369,8.9549,,,,,,
GTEX-13G51-2126-SM-5IJD9,6.8246,1.2449,8.5242,11.1879,8.7728,9.2266,0,1.9031,,,TCGA-AD-6548-01,10.652,9.1252,10.3265,11.9758,9.5657,9.3341,8.2206,9.0536,,,,,,
GTEX-1399R-2126-SM-5K7WZ,6.7073,1.9249,8.1894,11.1807,8.33,9.3737,1.2622,1.2622,,,TCGA-A6-5661-01,8.452095209,9.388866619,10.129557,10.89313401,8.122014969,8.342478205,8.427694972,9.078337661,,,,,,
GTEX-YEC3-2026-SM-5CVLQ,7.2885,3.8943,8.8016,11.5763,7.5326,9.9079,2.3676,1.9161,,,TCGA-AA-3662-01,9.6439,8.8839,10.3507,12.2167,10.3248,9.3865,7.844,8.5197,,,,,,
GTEX-ZE9C-2126-SM-4WKGY,7.6522,2.707,8.4255,11.3313,8.6108,9.1603,4.0429,2.707,,,TCGA-AA-A01P-01,9.7121,9.4975,9.5559,11.3749,8.7397,9.247,8.6391,8.8162,,,,,,
GTEX-WH7G-1426-SM-4LVMU,7.5922,8.9037,8.9502,11.7225,8.2133,8.4923,5.3283,7.7839,,,TCGA-AA-A01X-01,9.4426,7.4759,10.149,11.9295,9.1217,10.0313,6.5076,7.6072,,,,,,
GTEX-12WSM-1426-SM-5GCPA,6.4851,1.736,8.655,11.6813,9.2962,9.6444,2.1688,2.1688,,,TCGA-AU-3779-01,9.9037,8.7968,10.0144,11.8649,9.4834,10.1284,7.2585,8.4157,,,,,,
GTEX-ZDTS-2726-SM-5L3E2,7.1936,1.295,8.8827,11.5668,8.1665,9.1753,2.4226,1.295,,,TCGA-D5-6535-01,10.0163,8.7653,10.1471,10.9668,9.2236,9.2617,8.721,9.5102,,,,,,
GTEX-111YS-1826-SM-5GIEP,7.5112,1.2801,7.8517,11.4076,8.3416,9.6863,1.9475,1.2801,,,TCGA-CK-4951-01,9.7141,9.4948,10.078,11.6298,9.4647,9.0759,8.5852,9.4739,,,,,,
GTEX-WQUQ-2626-SM-4MVNP,8.1839,7.1712,8.2967,11.7857,9.2598,9.3942,4.6915,5.6966,,,TCGA-D5-6538-01,9.6663,8.5837,10.7865,12.718,10.5937,9.5651,7.7799,9.2739,,,,,,
GTEX-131XE-1026-SM-5EGKE,7.3811,0,8.0813,11.6771,8.97,9.5534,1.7515,0,,,TCGA-D5-7000-01,9.4503,9.3901,9.9994,11.4657,9.2128,9.0449,9.4212,8.8921,,,,,,
GTEX-145MH-2726-SM-5QGQ6,5.922,1.3386,7.8855,11.2298,9.1201,9.0583,2.4821,0,,,TCGA-DM-A1D0-01,10.4424,9.6057,10.3138,11.9947,9.777,9.7002,8.2907,9.7275,,,,,,
GTEX-12696-1926-SM-5EGJT,6.9337,2.2021,8.1143,11.3727,8.2407,9.313,0,3.5612,,,TCGA-CM-6680-01,8.9676,7.7786,9.9551,11.2994,9.0092,8.8311,7.6641,8.8051,,,,,,
GTEX-145MO-2626-SM-5QGPD,6.9669,1.7696,7.7593,11.0369,9.0223,9.1356,2.2062,2.2062,,,TCGA-F4-6570-01,9.68,8.7058,9.5964,11.5506,8.4577,9.0351,8.2631,8.5658,,,,,,
GTEX-13O61-1526-SM-5KM3P,6.17,1.1672,8.2465,11.2941,7.8671,9.4369,1.1672,0,,,TCGA-AZ-6598-01,9.6104,9.8143,9.627,10.8311,7.3573,9.5104,8.5971,8.911,,,,,,
GTEX-XAJ8-0726-SM-47JY5,7.5278,5.1185,8.8407,11.7565,8.0768,9.4707,2.9537,3.9859,,,TCGA-AZ-6603-01,10.5548,9.0253,10.0722,12.0883,9.2874,9.3002,8.3729,9.0402,,,,,,
GTEX-ZZ64-0826-SM-5E449,6.706,3.5199,9.1755,11.4435,7.3099,9.6799,0,2.3006,,,TCGA-CM-6171-01,9.6041,9.3266,9.7347,11.0328,8.339,9.9203,10.0047,9.6656,,,,,,
GTEX-ZF28-2526-SM-57WFH,6.6582,2.6001,8.3833,11.5512,8.9017,9.279,3.6314,0,,,TCGA-D5-6920-01,9.8119,9.661,9.8985,11.5182,8.8607,8.8439,8.1415,9.3793,,,,,,
GTEX-ZQUD-1026-SM-4YCEZ,7.6898,9.691,9.2701,11.7018,8.1846,8.2351,6.3867,8.0946,,,TCGA-F4-6854-01,11.1238,9.237,9.2766,12.0675,8.6842,9.3292,8.303,8.6704,,,,,,
GTEX-13PVQ-2726-SM-5L3H7,5.9608,0,8.3525,11.2904,8.8337,9.0421,0,1.3189,,,TCGA-G4-6625-01,10.6329,9.6132,10.5297,11.9618,8.7869,9.2274,8.4132,9.1205,,,,,,
GTEX-ZG7Y-1826-SM-4WWD3,6.4807,5.0012,8.1488,11.5598,8.3457,9.4345,3.0286,2.1953,,,TCGA-G4-6314-01,10.6971,8.7575,10.3066,11.6003,10.269,9.4305,7.9026,10.002,,,,,,
GTEX-WY7C-1926-SM-4ONCI,7.4435,3.7295,8.2903,11.1,7.5289,9.0153,1.8974,1.8974,,,TCGA-A6-2684-01,9.069198154,9.537469227,10.57213586,11.03793678,9.897533393,9.39234126,8.496236834,8.805031167,,,,,,
GTEX-Y3I4-1126-SM-4TT7Y,7.666,3.7688,8.9539,11.5624,8.1275,9.6667,3.3485,1.7209,,,TCGA-CM-6677-01,10.7151,9.0743,9.8707,12.0518,10.0515,9.1802,7.699,9.5566,,,,,,
GTEX-117YX-0526-SM-5EGJH,6.9514,3.1165,8.7157,11.5314,7.5652,9.8642,2.8863,3.3149,,,TCGA-AD-A5EJ-01,10.4901,10.0288,9.7565,11.6336,8.5411,9.4257,9.4943,9.0853,,,,,,
GTEX-111CU-1226-SM-5EGIN,6.1265,3.7983,8.4497,11.5142,7.7972,9.4999,0,0,,,TCGA-AY-A54L-01,10.2728,9.3099,10.312,11.5446,9.961,9.2901,8.4026,9.1041,,,,,,
GTEX-WOFM-1926-SM-4OOSP,6.7469,9.1587,9.231,11.7317,8.3346,8.4786,5.1886,7.6629,,,TCGA-CM-6170-01,9.6576,7.8434,10.218,12.1212,9.5273,9.5423,7.473,8.5223,,,,,,
GTEX-ZYFD-2226-SM-5E43P,6.3214,4.0038,10.3215,12.2776,9.4254,10.0822,3.0911,1.1722,,,TCGA-G4-6586-01,10.319,9.9573,9.3591,11.6503,8.6457,9.0371,8.2057,8.6955,,,,,,
GTEX-ZAB5-1426-SM-5HL9D,6.6637,0,7.6566,11.4626,8.9523,9.3177,2.2813,0,,,TCGA-DM-A28E-01,10.5417,9.302,10.0596,11.9056,8.6929,9.3653,8.4934,8.4356,,,,,,
GTEX-13O1R-2426-SM-5KLZZ,4.9207,1.922,9.5746,12.1005,8.4438,9.4902,0,0,,,TCGA-A6-3809-01,8.16480803,8.875378306,10.20391763,11.10505513,9.411030839,9.80414939,10.44719177,8.889450174,,,,,,
GTEX-12BJ1-2026-SM-5FQUH,7.2598,2.2842,9.1118,11.4276,7.4387,9.8059,1.8402,2.2842,,,TCGA-AZ-4614-01,9.6878,7.3981,10.4306,12.1752,8.9723,9.8378,7.2426,8.9886,,,,,,
GTEX-ZTSS-1226-SM-51MSZ,7.4358,1.5115,8.8222,11.6465,8.0851,9.9314,2.2332,0.9452,,,TCGA-CK-5916-01,9.0692,9.1267,10.0309,10.7752,9.1533,9.0519,8.8252,9.2549,,,,,,
GTEX-1339X-1726-SM-5P9J9,6.2929,4.23,8.7002,11.8389,7.7677,9.4979,2.6031,2.2651,,,TCGA-DM-A0X9-01,10.1953,9.2345,10.1434,11.7957,9.4545,9.2058,9.3074,9.3159,,,,,,
GTEX-11P7K-1826-SM-5HL5A,5.3408,1.2126,8.484,11.3778,7.3704,9.3178,1.2126,1.2126,,,TCGA-DM-A1DA-01,10.96,10.0428,10.3541,12.1746,9.7956,10.2751,8.1363,9.1807,,,,,,
GTEX-ZLFU-1426-SM-4WWEU,7.151,1.1483,8.572,11.6501,7.4164,9.5922,1.7795,1.7795,,,TCGA-DM-A285-01,10.4693,8.8348,10.6065,12.0782,9.4916,9.5712,8.6658,9.4188,,,,,,
GTEX-WFG8-1726-SM-4LVM6,7.1884,5.784,8.4869,11.3216,7.0715,9.5569,3.7243,5.784,,,TCGA-NH-A6GB-01,11.1837,9.0782,10.3171,11.8173,9.4041,9.7022,8.5865,8.9941,,,,,,
GTEX-12WSL-1826-SM-5LZW9,6.7322,4.0203,9.2163,11.8811,8.6058,9.5718,1.8228,3.7749,,,TCGA-CM-6172-01,10.0031,8.3082,9.5544,11.8654,8.5875,8.9215,8.2768,9.4767,,,,,,
GTEX-WYJK-2326-SM-4ONDN,7.692,9.499,8.8781,11.64,8.1988,8.5744,5.5926,8.0316,,,TCGA-DM-A280-01,8.9688,8.66,9.3688,10.9731,8.6484,9.1661,7.5633,8.1159,,,,,,
GTEX-11TT1-0926-SM-5GU5M,6.3427,5.2401,9.5733,11.7993,7.7441,9.6673,2.6453,3.1513,,,TCGA-F4-6855-01,8.9784,7.0801,9.8285,11.241,8.5676,9.1721,7.343,8.0486,,,,,,
GTEX-ZT9W-1726-SM-51MS3,6.7868,2.366,8.196,11.4384,8.0728,9.6908,1.9146,0,,,TCGA-G4-6295-01,11.059,10.0178,11.0534,12.323,10.2427,10.413,9.4336,9.6894,,,,,,
GTEX-ZVZP-2026-SM-57WB3,7.7776,2.9683,8.5164,11.3433,7.7463,9.637,2.1418,3.873,,,TCGA-A6-6650-01,10.81704493,10.30641233,11.00588962,11.881772,9.624686745,9.898741541,9.643380773,9.902351813,,,,,,
GTEX-ZA64-1426-SM-5CVMC,6.7384,3.6109,9.1009,11.3293,7.6246,9.7995,1.38,2.8895,,,TCGA-AU-6004-01,9.7964,9.5986,10.0044,11.7277,9.6687,9.3544,7.9228,9.1212,,,,,,
GTEX-WFG8-1726-SM-5CHTE,0,0,0,0,0,0,0,0,,,TCGA-A6-2677-01,10.26940001,9.111129545,10.76087517,11.50505178,12.13321876,10.36396257,9.027686995,9.530170226,,,,,,
GTEX-11ZTS-1526-SM-5N9G7,7.0097,2.5423,8.6141,11.4385,9.5258,9.0448,2.2075,1.7709,,,TCGA-AM-5821-01,9.4665,6.9587,9.7026,11.8306,9.7707,9.6807,10.2512,7.7299,,,,,,
GTEX-145LS-2926-SM-5O99G,6.1999,1.0582,7.7501,10.8638,9.206,8.6857,1.662,1.0582,,,TCGA-CK-4950-01,10.1175,9.8998,9.6792,11.6051,8.6691,9.4331,8.7103,8.916,,,,,,
GTEX-11EMC-1426-SM-5N9E4,7.2378,3.7629,7.9239,11.7045,9.7183,9.0092,1.5532,2.2837,,,TCGA-CM-5349-01,10.2519,7.7773,10.1793,11.5991,9.7879,9.022,7.613,9.2895,,,,,,
GTEX-13U4I-2626-SM-5SI9C,6.5382,4.8198,8.1708,11.4675,9.2328,9.2302,2.9654,2.7389,,,TCGA-D5-6533-01,10.7562,8.8742,10.5826,12.0693,9.5022,9.718,8.3465,9.3673,,,,,,
GTEX-WYVS-1126-SM-4SOJX,7.0546,1.6296,7.9303,11.2469,9.1673,9.0155,2.0501,1.6296,,,TCGA-DM-A0XF-01,11.9167,10.1442,10.6812,12.1853,10.3547,9.8258,8.4316,9.5052,,,,,,
GTEX-131YS-2926-SM-5EGKI,6.5163,3.1872,7.465,11.4384,9.0764,9.0466,1.8886,2.3375,,,TCGA-NH-A50T-01,10.9338,9.0144,10.3993,12.141,9.8421,9.6889,9.1733,9.0844,,,,,,
GTEX-ZF2S-1826-SM-4WKFF,6.369,4.4204,8.8847,11.6033,8.8699,9.2543,1.6548,3.2623,,,TCGA-DM-A1D9-01,10.0664,9.1658,10.5428,11.9745,9.9021,9.5114,8.0594,9.5713,,,,,,
GTEX-ZVT4-2626-SM-5N9GJ,7.0951,4.1317,8.8466,11.3035,9.667,9.4011,3.516,1.852,,,TCGA-AY-6386-01,9.3377,9.9693,9.5574,11.3122,8.1991,8.7477,7.7677,9.3316,,,,,,
GTEX-12ZZX-2726-SM-5N9FT,6.9297,0.9706,7.7287,11.3574,9.4006,9.0907,0,0,,,TCGA-G4-6304-01,9.7318,8.8504,9.4959,11.559,9.0261,8.716,7.0145,8.6392,,,,,,
GTEX-12WSG-2426-SM-5EQLZ,6.8749,2.7213,8.8656,11.407,8.7051,9.1738,1.0833,1.0833,,,TCGA-NH-A6GC-01,9.4,8.963,9.9113,12.1755,8.602,9.4085,7.845,8.2887,,,,,,
GTEX-13X6K-2726-SM-5O9DG,6.7209,1.9068,7.8748,10.9691,8.8997,8.8229,1.5024,3.7899,,,TCGA-A6-6654-01,9.8114,8.0983,9.9298,12.0749,8.6171,9.2698,7.477,9.1338,,,,,,
GTEX-X4EO-2726-SM-4E3HS,6.9757,2.9428,8.1449,11.0786,9.1746,8.8189,1.0805,1.0805,,,TCGA-AY-5543-01,9.9783,9.7596,10.4705,11.7439,9.3898,9.7733,8.0935,8.9538,,,,,,
GTEX-Y114-1626-SM-4TT7I,7.5808,4.2368,8.7298,11.2014,7.612,9.5975,3.7965,3.4488,,,TCGA-QG-A5YV-01,10.3045,9.6069,10.5735,11.848,9.2396,9.4719,9.1239,9.8454,,,,,,
GTEX-11P81-1426-SM-5P9JN,5.805,1.0398,7.3068,11.1646,7.8163,8.9433,1.0398,2.0593,,,TCGA-CM-5861-01,8.954,8.0621,9.3939,10.6508,9.0014,8.8905,7.7646,8.3851,,,,,,
GTEX-14A5I-2426-SM-5Q5CP,6.2535,2.6878,8.4928,11.3885,9.3285,9.2238,1.4928,1.4928,,,TCGA-CM-6678-01,9.3674,8.3248,10.0291,11.4077,8.9904,9.2475,7.9675,7.9227,,,,,,
GTEX-WI4N-2226-SM-4OOS9,5.956,4.1841,8.6192,11.2488,8.6425,9.0869,4.5792,2.9411,,,TCGA-D5-6534-01,8.5269,7.8386,10.145,11.3199,7.4192,9.4489,7.3416,6.6296,,,,,,
GTEX-146FH-2426-SM-5Q5EW,8.0593,5.3682,8.3429,11.4684,8.9762,9.3711,2.2565,3.4693,,,TCGA-3L-AA1B-01,9.3732,8.2663,10.1615,11.6317,9.6104,9.5217,7.9146,8.0241,,,,,,
GTEX-132AR-2826-SM-5IJFV,4.7071,3.8606,7.558,11.8822,9.2007,9.426,2.2824,2.2824,,,TCGA-F4-6459-01,8.8999,8.0459,10.0341,11.9489,9.5239,8.9581,7.6415,8.7574,,,,,,
GTEX-1122O-1426-SM-5H11R,7.2464,2.7195,9.137,11.6737,8.3985,9.8043,2.1217,2.7195,,,TCGA-QG-A5YX-01,10.0797,9.9866,9.5946,11.5712,8.8217,9.3788,7.9331,9.6258,,,,,,
GTEX-11DXX-1926-SM-5EGJK,6.3128,2.4063,8.8187,11.7358,7.9501,9.7082,3.2634,1.0533,,,TCGA-CM-5863-01,8.6199,7.5652,9.8241,10.7646,9.3838,9.0367,6.8162,7.4408,,,,,,
GTEX-ZQG8-2426-SM-57WEE,6.5078,4.6804,8.7395,11.3592,7.9395,9.0599,2.8931,4.0935,,,TCGA-D5-5538-01,9.5626,8.5449,10.0274,11.5297,9.2955,9.8533,7.9649,8.3216,,,,,,
GTEX-145ME-1126-SM-5SIAT,7.1647,1.6519,8.9414,11.3442,8.4093,9.6074,1.6519,1.0505,,,TCGA-DM-A282-01,10.526,7.809,10.5029,11.7193,8.9642,9.0878,7.7365,8.003,,,,,,
GTEX-ZVT3-2826-SM-5GU6A,5.9391,2.3548,7.846,11.353,8.9364,9.1097,1.9044,1.9044,,,TCGA-G4-6321-01,8.0089,8.3367,8.4994,10.987,7.8207,8.003,5.841,7.3733,,,,,,
GTEX-X15G-1526-SM-4PQZM,6.9519,2.1727,7.3589,11.5796,9.0673,9.0871,2.6469,1.4617,,,TCGA-AM-5820-01,9.525,7.6611,10.7062,11.6278,9.7813,9.966,8.5029,8.696,,,,,,
GTEX-ZE7O-2626-SM-51MSS,5.9435,1.2485,7.9581,10.9789,9.3934,9.1105,0,1.2485,,,TCGA-CM-5868-01,10.2733,8.7294,10.1235,11.9735,9.3336,9.5567,7.9677,8.9936,,,,,,
GTEX-ZV6S-1126-SM-57WE9,8.3614,5.5683,9.049,11.6428,7.9592,9.335,4.331,4.2296,,,TCGA-F4-6806-01,9.0556,6.9246,9.7131,11.4289,8.9388,8.764,7.1757,7.7269,,,,,,
GTEX-XV7Q-2226-SM-4BRVY,5.3775,1.068,7.445,11.1874,9.1393,9.1495,2.6966,0,,,TCGA-CK-5913-01,9.8356,8.8615,9.7944,11.3382,9.3225,9.0306,8.8059,9.0185,,,,,,
GTEX-13OVJ-1826-SM-5KM2D,6.6109,4.2164,8.0895,11.2033,8.5439,8.8831,1.8126,2.8643,,,TCGA-F4-6805-01,9.3053,9.1049,10.0149,11.3899,9.5029,9.0277,7.6345,8.9746,,,,,,
GTEX-ZP4G-1526-SM-57WE5,6.7185,1.919,7.7212,11.4212,7.9276,9.448,1.919,0,,,TCGA-G4-6588-01,9.9073,10.5893,9.3841,11.4656,7.5984,9.1947,9.3213,9.7358,,,,,,
GTEX-ZLV1-1326-SM-4WWER,6.6025,1.7301,8.9434,11.4763,7.2253,9.3726,0,3.3604,,,TCGA-CM-6167-01,9.4151,7.5034,9.7095,11.2113,8.7012,9.3271,7.7696,7.7696,,,,,,
GTEX-13113-1426-SM-5EGHU,6.2457,7.4443,8.6053,11.4161,8.1775,8.6072,4.0532,6.5154,,,TCGA-A6-6142-01,9.8317,7.5319,9.8519,11.4762,9.206,9.357,7.2314,7.8219,,,,,,
GTEX-ZYFG-1826-SM-5GZWX,6.1312,2.8642,8.5903,11.2404,8.02,9.5294,2.8642,1.174,,,TCGA-A6-6651-01,10.3435,8.0185,10.1218,11.3433,8.6689,9.6327,8.2546,8.0033,,,,,,
GTEX-13OVI-2126-SM-5KM3U,7.6138,4.0343,8.3572,11.2325,7.1932,9.6686,1.1904,3.9167,,,TCGA-A6-A566-01,9.3616,9.0839,9.699,11.2312,8.256,9.0419,8.3487,8.5667,,,,,,
GTEX-11I78-1326-SM-5PNY9,6.5681,2.4241,9.4187,11.9391,7.6015,10.2692,2.4241,2.9165,,,TCGA-AY-A69D-01,10.6725,10.5464,11.2566,11.8603,8.6271,9.4852,9.8813,9.1002,,,,,,
GTEX-ZPIC-2626-SM-57WE2,6.8584,2.6955,8.6627,11.3146,8.1452,9.7936,2.0999,1.6741,,,TCGA-AZ-6608-01,10.8216,10.1086,10.3678,12.2074,9.1912,9.2399,8.5123,9.6517,,,,,,
GTEX-WRHK-1126-SM-4MVOJ,7.0433,7.058,8.8107,11.4238,7.8098,9.4541,4.5815,6.1257,,,TCGA-G4-6297-01,9.7047,8.3807,10.5786,11.9028,8.7374,9.7003,8.3874,8.1949,,,,,,
GTEX-13PVR-1726-SM-5Q5EC,7.5307,3.1773,8.4291,11.1077,7.7307,9.6984,0,1.1039,,,TCGA-QG-A5YW-01,9.1441,9.9222,10.6163,11.7367,9.708,9.3154,6.724,7.964,,,,,,
GTEX-12WSJ-1426-SM-5GCON,6.5095,4.225,9.1766,11.7208,7.8988,9.6624,2.0766,0,,,TCGA-AA-3509-01,9.6231,8.1678,10.5033,11.9297,10.2238,9.2143,7.9956,8.6853,,,,,,
GTEX-Y5LM-1426-SM-5RQJL,7.2147,7.3695,8.8015,11.6317,8.0065,9.3383,4.1558,6.5574,,,TCGA-AY-A71X-01,9.108,8.2315,10.0889,11.4902,9.0068,9.2135,7.4075,8.3097,,,,,,
GTEX-ZVZQ-2626-SM-59HLB,6.5756,2.3266,8.6315,11.1701,8.7631,9.2177,3.1751,0,,,TCGA-CA-5256-01,9.7176,7.7791,9.4088,11.4755,11.2129,9.5608,7.633,8.0419,,,,,,
GTEX-W5WG-2026-SM-4LMIB,7.1858,9.236,9.3382,11.8441,9.1174,8.3778,5.7968,7.7675,,,TCGA-F4-6808-01,10.7174,8.1555,10.1829,12.1449,8.9191,9.842,7.5353,8.3918,,,,,,
GTEX-1211K-1826-SM-5EGJ2,7.3567,3.0907,9.0528,11.3773,7.74,10.0194,2.2508,0,,,TCGA-G4-6303-01,9.9769,8.6673,10.0089,11.7408,10.0877,9.7403,8.1603,8.9244,,,,,,
GTEX-13CF3-1326-SM-5LZXZ,7.1067,3.283,9.1478,11.4407,7.5181,9.39,1.2961,2.4241,,,TCGA-NH-A8F7-01,11.0777,8.8337,10.4124,12.0266,9.1596,9.7488,8.7238,9.0312,,,,,,
GTEX-13VXT-2026-SM-5L3EW,7.2605,1.3014,8.2278,11.2094,7.9272,9.3601,0,1.3014,,,TCGA-CA-5796-01,7.84,6.4222,9.0989,10.766,9.0727,8.659,6.0817,8.0944,,,,,,
GTEX-ZF29-1826-SM-4WKG8,7.9681,7.6304,8.8914,11.4236,7.6788,9.5876,3.0225,4.5586,,,TCGA-F4-6809-01,10.3037,8.4739,10.0083,11.7742,9.0037,9.3448,7.3831,8.5523,,,,,,
GTEX-131XG-1526-SM-5GCNQ,7.0237,1.862,8.8232,11.4766,7.6779,9.2013,1.862,1.2126,,,TCGA-WS-AB45-01,9.4796,8.7501,10.1324,11.1841,7.3584,8.7324,8.5567,8.9226,,,,,,
GTEX-13FH7-1626-SM-5J2O9,7.2049,2.6186,8.841,11.4409,7.5536,9.755,1.1924,1.1924,,,TCGA-AA-3660-01,10.3429,9.0602,9.9406,11.7558,9.6081,9.1179,7.7668,9.3658,,,,,,
GTEX-11ZTT-1626-SM-5EQKR,7.7701,4.5171,8.8429,11.3657,7.5759,9.4214,4.1574,4.0144,,,TCGA-AZ-4313-01,10.5788,8.3533,8.9408,11.6448,9.0877,9.2315,8.7179,9.1622,,,,,,
GTEX-ZVT2-1726-SM-51MRO,7.6068,4.512,8.1344,11.5412,8.1563,9.6682,3.2456,3.4191,,,TCGA-AZ-5407-01,9.1286,8.8351,9.5537,11.2808,10.0796,8.9138,6.8445,9.2206,,,,,,
GTEX-13W3W-2226-SM-5LU4M,9.1383,10.0779,9.2992,11.7375,8.3909,8.6955,7.2785,9.1246,,,TCGA-D5-6898-01,10.0984,8.5379,9.9247,11.7017,10.806,9.3313,7.6096,9.143,,,,,,
GTEX-WXYG-1726-SM-4ONCU,7.3951,1.2126,7.9037,11.5166,8.0702,9.6863,1.862,0,,,TCGA-F4-6460-01,10.129,8.3115,10.456,12.4925,8.2537,9.6586,7.2523,9.0198,,,,,,
GTEX-ZAJG-2626-SM-5S2NU,6.6662,3.7623,7.837,11.7148,9.5183,9.3127,3.2296,1.9235,,,TCGA-F4-6807-01,9.4526,8.2579,10.3422,11.4864,9.4028,9.342,7.4588,9.2442,,,,,,
GTEX-14BMU-1326-SM-5RQIH,6.4435,3.2822,8.8094,11.466,7.4418,9.766,1.8048,2.2451,,,TCGA-G4-6317-01,9.8596,7.9633,9.1551,11.4431,10.3792,9.226,6.5069,7.6592,,,,,,
GTEX-XUW1-1826-SM-4BOQD,7.9666,2.9856,7.7166,11.7049,8.706,9.415,1.449,2.1571,,,TCGA-DM-A1D8-01,10.5814,9.0545,9.8542,11.8181,9.2817,9.3501,7.8788,8.9963,,,,,,
GTEX-13D11-0626-SM-5LZYY,6.0338,3.1802,7.5304,11.4198,7.9559,9.303,1.3857,0,,,TCGA-D5-6929-01,9.4043,8.2168,10.054,11.945,9.2767,9.9207,7.0067,8.7708,,,,,,
GTEX-XUJ4-2126-SM-4BOOX,8.1177,1.3386,8.7958,11.6152,7.9547,9.6426,2.4821,1.3386,,,TCGA-G4-6293-01,8.4065,8.5889,9.891,11.6084,8.8224,9.001,7.3715,7.8943,,,,,,
,,,,,,,,,,,TCGA-A6-2685-01,9.8178,8.5157,9.4982,11.7766,9.2535,8.9899,6.7739,7.4482,,,,,,
,,,,,,,,,,,TCGA-CK-4952-01,10.2837,9.6854,10.7804,11.4477,8.8887,9.079,9.7554,9.5556,,,,,,
,,,,,,,,,,,TCGA-CM-6162-01,8.9427,8.6603,10.2729,10.9906,8.6908,9.1901,8.4029,9.896,,,,,,
,,,,,,,,,,,TCGA-CM-6166-01,10.5712,8.462,10.6336,11.528,9.4283,9.7439,8.2056,9.1358,,,,,,
,,,,,,,,,,,TCGA-CK-4947-01,8.9874,9.216,10.1212,11.2206,9.4822,9.3471,8.4949,8.9478,,,,,,
,,,,,,,,,,,TCGA-CM-6164-01,10.7347,8.7771,9.9195,11.9945,9.13,9.4133,8.1422,8.8845,,,,,,
,,,,,,,,,,,TCGA-CK-4948-01,10.5929,9.2678,9.9705,12.3281,9.7086,9.2958,8.2361,9.3805,,,,,,
,,,,,,,,,,,TCGA-CK-6748-01,8.2419,6.8837,10.0698,11.1341,9.4382,9.2963,7.0115,7.3891,,,,,,
,,,,,,,,,,,TCGA-D5-6539-01,9.6793,10.148,10.2607,11.292,8.4341,8.6353,8.2513,9.7124,,,,,,
,,,,,,,,,,,TCGA-SS-A7HO-01,10.4631,9.3055,10.8587,12.3217,9.5312,9.4635,8.5684,9.7679,,,,,,
,,,,,,,,,,,TCGA-4T-AA8H-01,8.9913,8.856,9.6933,11.1332,9.4793,8.5529,7.6908,8.5614,,,,,,
,,,,,,,,,,,TCGA-CA-5254-01,10.089,7.8898,9.1544,12.0574,9.746,8.9757,8.8092,8.7143,,,,,,
,,,,,,,,,,,TCGA-F4-6461-01,9.323,8.3604,10.1541,11.1282,8.6661,9.1634,7.6148,7.4139,,,,,,
,,,,,,,,,,,TCGA-5M-AAT6-01,10.1435,9.3006,10.0012,12.1489,9.608,8.7647,9.1448,9.0371,,,,,,
,,,,,,,,,,,TCGA-A6-5667-01,10.8741,8.6823,9.8536,11.8197,9.8683,9.3985,8.4912,9.3688,,,,,,
,,,,,,,,,,,TCGA-G4-6309-01,10.2673,10.3616,9.7988,12.1124,8.4208,9.276,8.3668,10.0908,,,,,,
,,,,,,,,,,,TCGA-CM-5344-01,9.6787,7.8849,10.1217,11.4485,9.2228,9.2677,7.6359,8.4181,,,,,,
,,,,,,,,,,,TCGA-G4-6307-01,10.9817,9.4991,9.9749,12.1413,10.3169,9.0079,7.1904,8.9346,,,,,,
,,,,,,,,,,,TCGA-CM-6161-01,9.5227,8.7096,11.0737,11.3218,10.366,9.6916,8.1489,9.2878,,,,,,
,,,,,,,,,,,TCGA-A6-A565-01,9.5274,9.186,10.008,11.4058,8.8345,9.247,7.9619,8.4709,,,,,,
,,,,,,,,,,,TCGA-5M-AAT5-01,11.2669,9.8821,10.8514,12.5337,9.728,9.5628,8.4451,9.5909,,,,,,
,,,,,,,,,,,TCGA-5M-AATA-01,10.3824,9.5315,10.6443,11.5444,11.3718,10.2904,7.2094,7.8764,,,,,,
,,,,,,,,,,,TCGA-NH-A8F7-06,10.6996,9.6905,10.4791,12.6355,8.8511,9.4569,9.0807,8.9527,,,,,,
,,,,,,,,,,,,,,,,,,,,,,,,,
,,,,,,,,,,,,,,,,,,,,,,,,,
,,,,,,,,,,,,,,,,,,,,,,,,,
,,,,,,,,,,,,,,,,,,,,,,,,,
,,,,,,,,,,,,,,,,,,,,,,,,,
,,,,,,,,,,,,,,,,,,,,,,,,,
,,,,,,,,,,,,,,,,,,,,,,,,,
,,,,,,,,,,,,,,,,,,,,,,,,,
,,,,,,,,,,,,,,,,,,,,,,,,,
,,,,,,,,,,,,,,,,,,,,,,,,,
,,,,,,,,,,,,,,,,,,,,,,,,,
,,,,,,,,,,,,,,,,,,,,,,,,,
,,,,,,,,,,,,,,,,,,,,,,,,,
,,,,,,,,,,,,,,,,,,,,,,,,,
,,,,,,,,,,,,,,,,,,,,,,,,,
,,,,,,,,,,,,,,,,,,,,,,,,,
,,,,,,,,,,,,,,,,,,,,,,,,,
,,,,,,,,,,,,,,,,,,,,,,,,,
,,,,,,,,,,,,,,,,,,,,,,,,,
,,,,,,,,,,,,,,,,,,,,,,,,,
,,,,,,,,,,,,,,,,,,,,,,,,,
,,,,,,,,,,,,,,,,,,,,,,,,,
,,,,,,,,,,,,,,,,,,,,,,,,,
,,,,,,,,,,,,,,,,,,,,,,,,,
,,,,,,,,,,,,,,,,,,,,,,,,,
,,,,,,,,,,,,,,,,,,,,,,,,,
,,,,,,,,,,,,,,,,,,,,,,,,,
,,,,,,,,,,,,,,,,,,,,,,,,,
,,,,,,,,,,,,,,,,,,,,,,,,,
,,,,,,,,,,,,,,,,,,,,,,,,,
,,,,,,,,,,,,,,,,,,,,,,,,,
,,,,,,,,,,,,,,,,,,,,,,,,,
,,,,,,,,,,,,,,,,,,,,,,,,,
,,,,,,,,,,,,,,,,,,,,,,,,,
,,,,,,,,,,,,,,,,,,,,,,,,,
,,,,,,,,,,,,,,,,,,,,,,,,,
,,,,,,,,,,,,,,,,,,,,,,,,,
,,,,,,,,,,,,,,,,,,,,,,,,,
,,,,,,,,,,,,,,,,,,,,,,,,,
,,,,,,,,,,,,,,,,,,,,,,,,,
,,,,,,,,,,,,,,,,,,,,,,,,,
,,,,,,,,,,,,,,,,,,,,,,,,,
,,,,,,,,,,,,,,,,,,,,,,,,,
,,,,,,,,,,,,,,,,,,,,,,,,,6.4139
,,,,,,,,,,,,,,,,,,,,,,,,,8.009349322
,,,,,,,,,,,,,,,,,,,,,,,,,5.5097
,,,,,,,,,,,,,,,,,,,,,,,,,7.1877
,,,,,,,,,,,,,,,,,,,,,,,,,5.9765
,,,,,,,,,,,,,,,,,,,,,,,,,5.4852
,,,,,,,,,,,,,,,,,,,,,,,,,7.8243
,,,,,,,,,,,,,,,,,,,,,,,,,7.9656
,,,,,,,,,,,,,,,,,,,,,,,,,2.9756
,,,,,,,,,,,,,,,,,,,,,,,,,8.0741
,,,,,,,,,,,,,,,,,,,,,,,,,9.1257
,,,,,,,,,,,,,,,,,,,,,,,,,6.8629
,,,,,,,,,,,,,,,,,,,,,,,,,8.3096
,,,,,,,,,,,,,,,,,,,,,,,,,7.7983
,,,,,,,,,,,,,,,,,,,,,,,,,4.712
,,,,,,,,,,,,,,,,,,,,,,,,,7.5247
,,,,,,,,,,,,,,,,,,,,,,,,,7.4104
,,,,,,,,,,,,,,,,,,,,,,,,,5.6
,,,,,,,,,,,,,,,,,,,,,,,,,7.6308
,,,,,,,,,,,,,,,,,,,,,,,,,9.5587
,,,,,,,,,,,,,,,,,,,,,,,,,9.7112
,,,,,,,,,,,,,,,,,,,,,,,,,8.5959
,,,,,,,,,,,,,,,,,,,,,,,,,9.0424
,,,,,,,,,,,,,,,,,,,,,,,,,7.8872
,,,,,,,,,,,,,,,,,,,,,,,,,4.4308
,,,,,,,,,,,,,,,,,,,,,,,,,7.5374
,,,,,,,,,,,,,,,,,,,,,,,,,6.5924
,,,,,,,,,,,,,,,,,,,,,,,,,7.5227
,,,,,,,,,,,,,,,,,,,,,,,,,8.7734
,,,,,,,,,,,,,,,,,,,,,,,,,7.2273
,,,,,,,,,,,,,,,,,,,,,,,,,7.7547
,,,,,,,,,,,,,,,,,,,,,,,,,4.8598
,,,,,,,,,,,,,,,,,,,,,,,,,6.3938
,,,,,,,,,,,,,,,,,,,,,,,,,8.2299
,,,,,,,,,,,,,,,,,,,,,,,,,7.2
,,,,,,,,,,,,,,,,,,,,,,,,,6.6195
,,,,,,,,,,,,,,,,,,,,,,,,,4.3668
,,,,,,,,,,,,,,,,,,,,,,,,,8.1384
,,,,,,,,,,,,,,,,,,,,,,,,,6.7313
,,,,,,,,,,,,,,,,,,,,,,,,,6.5668
,,,,,,,,,,,,,,,,,,,,,,,,,5.5477
,,,,,,,,,,,,,,,,,,,,,,,,,6.2264
,,,,,,,,,,,,,,,,,,,,,,,,,6.602
,,,,,,,,,,,,,,,,,,,,,,,,,8.5686
,,,,,,,,,,,,,,,,,,,,,,,,,4.157
,,,,,,,,,,,,,,,,,,,,,,,,,6.5077
,,,,,,,,,,,,,,,,,,,,,,,,,7.8472
,,,,,,,,,,,,,,,,,,,,,,,,,4.8107
,,,,,,,,,,,,,,,,,,,,,,,,,7.6138
,,,,,,,,,,,,,,,,,,,,,,,,,8.7335
,,,,,,,,,,,,,,,,,,,,,,,,,6.612
,,,,,,,,,,,,,,,,,,,,,,,,,5.621
,,,,,,,,,,,,,,,,,,,,,,,,,8.0609
,,,,,,,,,,,,,,,,,,,,,,,,,4.907
,,,,,,,,,,,,,,,,,,,,,,,,,8.0886
,,,,,,,,,,,,,,,,,,,,,,,,,7.6294
,,,,,,,,,,,,,,,,,,,,,,,,,7.0122
,,,,,,,,,,,,,,,,,,,,,,,,,7.5464
,,,,,,,,,,,,,,,,,,,,,,,,,8.3668
,,,,,,,,,,,,,,,,,,,,,,,,,6.6744
,,,,,,,,,,,,,,,,,,,,,,,,,4.403
,,,,,,,,,,,,,,,,,,,,,,,,,9.0746
,,,,,,,,,,,,,,,,,,,,,,,,,8.7362
,,,,,,,,,,,,,,,,,,,,,,,,,9.3649
,,,,,,,,,,,,,,,,,,,,,,,,,6.5898
,,,,,,,,,,,,,,,,,,,,,,,,,4.3958
,,,,,,,,,,,,,,,,,,,,,,,,,8.588813008
,,,,,,,,,,,,,,,,,,,,,,,,,7.6323
,,,,,,,,,,,,,,,,,,,,,,,,,6.3852
,,,,,,,,,,,,,,,,,,,,,,,,,4.8178
,,,,,,,,,,,,,,,,,,,,,,,,,8.4908
,,,,,,,,,,,,,,,,,,,,,,,,,7.0115
,,,,,,,,,,,,,,,,,,,,,,,,,7.1568
,,,,,,,,,,,,,,,,,,,,,,,,,7.8691
,,,,,,,,,,,,,,,,,,,,,,,,,8.1085
,,,,,,,,,,,,,,,,,,,,,,,,,9.3233
,,,,,,,,,,,,,,,,,,,,,,,,,8.4467
,,,,,,,,,,,,,,,,,,,,,,,,,3.7662
,,,,,,,,,,,,,,,,,,,,,,,,,8.1387
,,,,,,,,,,,,,,,,,,,,,,,,,7.4567
,,,,,,,,,,,,,,,,,,,,,,,,,4.4463
,,,,,,,,,,,,,,,,,,,,,,,,,9.934
,,,,,,,,,,,,,,,,,,,,,,,,,8.2038
,,,,,,,,,,,,,,,,,,,,,,,,,7.5715
,,,,,,,,,,,,,,,,,,,,,,,,,7.7157
,,,,,,,,,,,,,,,,,,,,,,,,,7.4349
,,,,,,,,,,,,,,,,,,,,,,,,,2.905
,,,,,,,,,,,,,,,,,,,,,,,,,8.5427
,,,,,,,,,,,,,,,,,,,,,,,,,8.2489
,,,,,,,,,,,,,,,,,,,,,,,,,6.7565
,,,,,,,,,,,,,,,,,,,,,,,,,6.3692
,,,,,,,,,,,,,,,,,,,,,,,,,7.1399
,,,,,,,,,,,,,,,,,,,,,,,,,9.0886
,,,,,,,,,,,,,,,,,,,,,,,,,8.0147
,,,,,,,,,,,,,,,,,,,,,,,,,7.9963
,,,,,,,,,,,,,,,,,,,,,,,,,7.0897
,,,,,,,,,,,,,,,,,,,,,,,,,8.8147
,,,,,,,,,,,,,,,,,,,,,,,,,7.3342
,,,,,,,,,,,,,,,,,,,,,,,,,6.698
,,,,,,,,,,,,,,,,,,,,,,,,,6.9523
,,,,,,,,,,,,,,,,,,,,,,,,,5.7527
,,,,,,,,,,,,,,,,,,,,,,,,,8.5513
,,,,,,,,,,,,,,,,,,,,,,,,,6.9419
,,,,,,,,,,,,,,,,,,,,,,,,,7.1073
,,,,,,,,,,,,,,,,,,,,,,,,,7.6129
,,,,,,,,,,,,,,,,,,,,,,,,,8.461
,,,,,,,,,,,,,,,,,,,,,,,,,9.0219
,,,,,,,,,,,,,,,,,,,,,,,,,6.8823
,,,,,,,,,,,,,,,,,,,,,,,,,5.6396
,,,,,,,,,,,,,,,,,,,,,,,,,8.3683
,,,,,,,,,,,,,,,,,,,,,,,,,7.4654
,,,,,,,,,,,,,,,,,,,,,,,,,7.4059
,,,,,,,,,,,,,,,,,,,,,,,,,6.0262
,,,,,,,,,,,,,,,,,,,,,,,,,8.1748
,,,,,,,,,,,,,,,,,,,,,,,,,9.0317
,,,,,,,,,,,,,,,,,,,,,,,,,8.4527
,,,,,,,,,,,,,,,,,,,,,,,,,5.6897
,,,,,,,,,,,,,,,,,,,,,,,,,8.9207
,,,,,,,,,,,,,,,,,,,,,,,,,5.6576
,,,,,,,,,,,,,,,,,,,,,,,,,6.627601826
,,,,,,,,,,,,,,,,,,,,,,,,,5.8981
,,,,,,,,,,,,,,,,,,,,,,,,,5.4316
,,,,,,,,,,,,,,,,,,,,,,,,,7.8276
,,,,,,,,,,,,,,,,,,,,,,,,,7.2801
,,,,,,,,,,,,,,,,,,,,,,,,,6.4455
,,,,,,,,,,,,,,,,,,,,,,,,,6.2482
,,,,,,,,,,,,,,,,,,,,,,,,,5.7432
,,,,,,,,,,,,,,,,,,,,,,,,,6.5677
,,,,,,,,,,,,,,,,,,,,,,,,,5.3795
,,,,,,,,,,,,,,,,,,,,,,,,,7.6074
,,,,,,,,,,,,,,,,,,,,,,,,,6.2376
,,,,,,,,,,,,,,,,,,,,,,,,,6.5279
,,,,,,,,,,,,,,,,,,,,,,,,,6.1297
,,,,,,,,,,,,,,,,,,,,,,,,,8.2097
,,,,,,,,,,,,,,,,,,,,,,,,,8.4001
,,,,,,,,,,,,,,,,,,,,,,,,,3.97
,,,,,,,,,,,,,,,,,,,,,,,,,5.7253
,,,,,,,,,,,,,,,,,,,,,,,,,7.308
,,,,,,,,,,,,,,,,,,,,,,,,,9.4152
,,,,,,,,,,,,,,,,,,,,,,,,,7.6646
,,,,,,,,,,,,,,,,,,,,,,,,,6.7618
,,,,,,,,,,,,,,,,,,,,,,,,,2.8935
,,,,,,,,,,,,,,,,,,,,,,,,,8.8894
,,,,,,,,,,,,,,,,,,,,,,,,,4.3368
,,,,,,,,,,,,,,,,,,,,,,,,,5.0451
,,,,,,,,,,,,,,,,,,,,,,,,,4.4848
,,,,,,,,,,,,,,,,,,,,,,,,,4.4866
,,,,,,,,,,,,,,,,,,,,,,,,,9.6179
,,,,,,,,,,,,,,,,,,,,,,,,,7.3972
,,,,,,,,,,,,,,,,,,,,,,,,,7.0045
,,,,,,,,,,,,,,,,,,,,,,,,,8.3808
,,,,,,,,,,,,,,,,,,,,,,,,,5.745
,,,,,,,,,,,,,,,,,,,,,,,,,8.1812
,,,,,,,,,,,,,,,,,,,,,,,,,7.8088
,,,,,,,,,,,,,,,,,,,,,,,,,6.5512
,,,,,,,,,,,,,,,,,,,,,,,,,7.3661
,,,,,,,,,,,,,,,,,,,,,,,,,6.3175
,,,,,,,,,,,,,,,,,,,,,,,,,8.9809
,,,,,,,,,,,,,,,,,,,,,,,,,7.6073
,,,,,,,,,,,,,,,,,,,,,,,,,6.4545
,,,,,,,,,,,,,,,,,,,,,,,,,7.3435
,,,,,,,,,,,,,,,,,,,,,,,,,8.398255065
,,,,,,,,,,,,,,,,,,,,,,,,,7.9227
,,,,,,,,,,,,,,,,,,,,,,,,,6.7528
,,,,,,,,,,,,,,,,,,,,,,,,,5.7969
,,,,,,,,,,,,,,,,,,,,,,,,,7.9327
,,,,,,,,,,,,,,,,,,,,,,,,,6.9264
,,,,,,,,,,,,,,,,,,,,,,,,,8.2161
,,,,,,,,,,,,,,,,,,,,,,,,,5.9529
,,,,,,,,,,,,,,,,,,,,,,,,,7.4858
,,,,,,,,,,,,,,,,,,,,,,,,,9.266
,,,,,,,,,,,,,,,,,,,,,,,,,6.6877
,,,,,,,,,,,,,,,,,,,,,,,,,8.1587
,,,,,,,,,,,,,,,,,,,,,,,,,7.3426
,,,,,,,,,,,,,,,,,,,,,,,,,9.0517
,,,,,,,,,,,,,,,,,,,,,,,,,7.3853
,,,,,,,,,,,,,,,,,,,,,,,,,8.6931
,,,,,,,,,,,,,,,,,,,,,,,,,4.907
,,,,,,,,,,,,,,,,,,,,,,,,,5.2187
,,,,,,,,,,,,,,,,,,,,,,,,,7.0768
,,,,,,,,,,,,,,,,,,,,,,,,,8.3307
,,,,,,,,,,,,,,,,,,,,,,,,,6.203
,,,,,,,,,,,,,,,,,,,,,,,,,6.9775
,,,,,,,,,,,,,,,,,,,,,,,,,6.4939
,,,,,,,,,,,,,,,,,,,,,,,,,7.4302
,,,,,,,,,,,,,,,,,,,,,,,,,5.6216
,,,,,,,,,,,,,,,,,,,,,,,,,6.1611
,,,,,,,,,,,,,,,,,,,,,,,,,8.7766
,,,,,,,,,,,,,,,,,,,,,,,,,6.7198
,,,,,,,,,,,,,,,,,,,,,,,,,9.2964
,,,,,,,,,,,,,,,,,,,,,,,,,7.3648
,,,,,,,,,,,,,,,,,,,,,,,,,6.3059
,,,,,,,,,,,,,,,,,,,,,,,,,7.0111
,,,,,,,,,,,,,,,,,,,,,,,,,8.2911
,,,,,,,,,,,,,,,,,,,,,,,,,7.2758
,,,,,,,,,,,,,,,,,,,,,,,,,8.5783
,,,,,,,,,,,,,,,,,,,,,,,,,7.9596
,,,,,,,,,,,,,,,,,,,,,,,,,7.3459
,,,,,,,,,,,,,,,,,,,,,,,,,7.9852
,,,,,,,,,,,,,,,,,,,,,,,,,5.8481
,,,,,,,,,,,,,,,,,,,,,,,,,6.9246
,,,,,,,,,,,,,,,,,,,,,,,,,8.9274
,,,,,,,,,,,,,,,,,,,,,,,,,5.8256
,,,,,,,,,,,,,,,,,,,,,,,,,7.2207
,,,,,,,,,,,,,,,,,,,,,,,,,8.4541
,,,,,,,,,,,,,,,,,,,,,,,,,6.0761
,,,,,,,,,,,,,,,,,,,,,,,,,9.1216
,,,,,,,,,,,,,,,,,,,,,,,,,8.4436
,,,,,,,,,,,,,,,,,,,,,,,,,6.3626
,,,,,,,,,,,,,,,,,,,,,,,,,6.5503
,,,,,,,,,,,,,,,,,,,,,,,,,7.8552
,,,,,,,,,,,,,,,,,,,,,,,,,7.7154
,,,,,,,,,,,,,,,,,,,,,,,,,9.304
,,,,,,,,,,,,,,,,,,,,,,,,,7.9788
,,,,,,,,,,,,,,,,,,,,,,,,,7.9121
,,,,,,,,,,,,,,,,,,,,,,,,,9.8426
,,,,,,,,,,,,,,,,,,,,,,,,,7.2586
,,,,,,,,,,,,,,,,,,,,,,,,,5.4994
,,,,,,,,,,,,,,,,,,,,,,,,,7.4264
,,,,,,,,,,,,,,,,,,,,,,,,,9.185
,,,,,,,,,,,,,,,,,,,,,,,,,8.2373
,,,,,,,,,,,,,,,,,,,,,,,,,5.1015
,,,,,,,,,,,,,,,,,,,,,,,,,6.4437
,,,,,,,,,,,,,,,,,,,,,,,,,5.8224
,,,,,,,,,,,,,,,,,,,,,,,,,8.3353
,,,,,,,,,,,,,,,,,,,,,,,,,7.2252
,,,,,,,,,,,,,,,,,,,,,,,,,7.403
,,,,,,,,,,,,,,,,,,,,,,,,,7.3794
,,,,,,,,,,,,,,,,,,,,,,,,,9.3015
,,,,,,,,,,,,,,,,,,,,,,,,,6.7795
,,,,,,,,,,,,,,,,,,,,,,,,,5.4196
,,,,,,,,,,,,,,,,,,,,,,,,,6.1997
,,,,,,,,,,,,,,,,,,,,,,,,,4.96
,,,,,,,,,,,,,,,,,,,,,,,,,3.6541
,,,,,,,,,,,,,,,,,,,,,,,,,6.8689
,,,,,,,,,,,,,,,,,,,,,,,,,3.5938
,,,,,,,,,,,,,,,,,,,,,,,,,8.5998
,,,,,,,,,,,,,,,,,,,,,,,,,7.6281
,,,,,,,,,,,,,,,,,,,,,,,,,7.9996
,,,,,,,,,,,,,,,,,,,,,,,,,8.3265
,,,,,,,,,,,,,,,,,,,,,,,,,3.6011
,,,,,,,,,,,,,,,,,,,,,,,,,8.7733
,,,,,,,,,,,,,,,,,,,,,,,,,6.1
,,,,,,,,,,,,,,,,,,,,,,,,,8.1785
,,,,,,,,,,,,,,,,,,,,,,,,,8.8922
,,,,,,,,,,,,,,,,,,,,,,,,,6.4138
,,,,,,,,,,,,,,,,,,,,,,,,,8.5879
,,,,,,,,,,,,,,,,,,,,,,,,,8.7966
,,,,,,,,,,,,,,,,,,,,,,,,,7.8075
,,,,,,,,,,,,,,,,,,,,,,,,,6.2719
,,,,,,,,,,,,,,,,,,,,,,,,,5.901
,,,,,,,,,,,,,,,,,,,,,,,,,6.1898
,,,,,,,,,,,,,,,,,,,,,,,,,5.5113
,,,,,,,,,,,,,,,,,,,,,,,,,7.2047
,,,,,,,,,,,,,,,,,,,,,,,,,8.2879
,,,,,,,,,,,,,,,,,,,,,,,,,5.8968
,,,,,,,,,,,,,,,,,,,,,,,,,8.6194
,,,,,,,,,,,,,,,,,,,,,,,,,6.8346
,,,,,,,,,,,,,,,,,,,,,,,,,9.5329
,,,,,,,,,,,,,,,,,,,,,,,,,8.0259
,,,,,,,,,,,,,,,,,,,,,,,,,8.4238
,,,,,,,,,,,,,,,,,,,,,,,,,8.6695
,,,,,,,,,,,,,,,,,,,,,,,,,6.9621
,,,,,,,,,,,,,,,,,,,,,,,,,6.2024
,,,,,,,,,,,,,,,,,,,,,,,,,10.5957
,,,,,,,,,,,,,,,,,,,,,,,,,7.1729
,,,,,,,,,,,,,,,,,,,,,,,,,8.5472
,,,,,,,,,,,,,,,,,,,,,,,,,7.1069
,,,,,,,,,,,,,,,,,,,,,,,,,6.9108
,,,,,,,,,,,,,,,,,,,,,,,,,8.7102
,,,,,,,,,,,,,,,,,,,,,,,,,6.9903
,,,,,,,,,,,,,,,,,,,,,,,,,7.267
,,,,,,,,,,,,,,,,,,,,,,,,,7.5995
,,,,,,,,,,,,,,,,,,,,,,,,,8.2281
,,,,,,,,,,,,,,,,,,,,,,,,,9.9919
,,,,,,,,,,,,,,,,,,,,,,,,,8.8915
,,,,,,,,,,,,,,,,,,,,,,,,,9.0836
,,,,,,,,,,,,,,,,,,,,,,,,,7.4038
,,,,,,,,,,,,,,,,,,,,,,,,,7.2176
,,,,,,,,,,,,,,,,,,,,,,,,,8.3414
,,,,,,,,,,,,,,,,,,,,,,,,,8.4333
,,,,,,,,,,,,,,,,,,,,,,,,,6.7195
,,,,,,,,,,,,,,,,,,,,,,,,,8.3534
,,,,,,,,,,,,,,,,,,,,,,,,,7.123
,,,,,,,,,,,,,,,,,,,,,,,,,7.5227
,,,,,,,,,,,,,,,,,,,,,,,,,3.5405
,,,,,,,,,,,,,,,,,,,,,,,,,5.8137
,,,,,,,,,,,,,,,,,,,,,,,,,8.6069
,,,,,,,,,,,,,,,,,,,,,,,,,8.779
,,,,,,,,,,,,,,,,,,,,,,,,,5.0556
,,,,,,,,,,,,,,,,,,,,,,,,,7.665183649
,,,,,,,,,,,,,,,,,,,,,,,,,8.894
,,,,,,,,,,,,,,,,,,,,,,,,,8.0036
,,,,,,,,,,,,,,,,,,,,,,,,,8.9554
,,,,,,,,,,,,,,,,,,,,,,,,,7.0702
,,,,,,,,,,,,,,,,,,,,,,,,,6.2653
,,,,,,,,,,,,,,,,,,,,,,,,,7.6754
,,,,,,,,,,,,,,,,,,,,,,,,,5.9629
,,,,,,,,,,,,,,,,,,,,,,,,,5.7709
,,,,,,,,,,,,,,,,,,,,,,,,,9.6758
,,,,,,,,,,,,,,,,,,,,,,,,,7.2635
,,,,,,,,,,,,,,,,,,,,,,,,,5.9573
,,,,,,,,,,,,,,,,,,,,,,,,,8.6029
,,,,,,,,,,,,,,,,,,,,,,,,,8.9563
,,,,,,,,,,,,,,,,,,,,,,,,,8.3389
,,,,,,,,,,,,,,,,,,,,,,,,,6.5009
,,,,,,,,,,,,,,,,,,,,,,,,,8.5547
,,,,,,,,,,,,,,,,,,,,,,,,,7.6275
,,,,,,,,,,,,,,,,,,,,,,,,,8.3462
,,,,,,,,,,,,,,,,,,,,,,,,,8.1389
,,,,,,,,,,,,,,,,,,,,,,,,,8.3768
,,,,,,,,,,,,,,,,,,,,,,,,,10.4101
,,,,,,,,,,,,,,,,,,,,,,,,,6.0434
,,,,,,,,,,,,,,,,,,,,,,,,,7.5479
,,,,,,,,,,,,,,,,,,,,,,,,,9.0654
,,,,,,,,,,,,,,,,,,,,,,,,,7.9495
,,,,,,,,,,,,,,,,,,,,,,,,,8.8634
,,,,,,,,,,,,,,,,,,,,,,,,,9.513
,,,,,,,,,,,,,,,,,,,,,,,,,8.8124
,,,,,,,,,,,,,,,,,,,,,,,,,8.2323
,,,,,,,,,,,,,,,,,,,,,,,,,7.8245
,,,,,,,,,,,,,,,,,,,,,,,,,8.6618
,,,,,,,,,,,,,,,,,,,,,,,,,7.8724
,,,,,,,,,,,,,,,,,,,,,,,,,9.1195
,,,,,,,,,,,,,,,,,,,,,,,,,5.2035
,,,,,,,,,,,,,,,,,,,,,,,,,7.7322
,,,,,,,,,,,,,,,,,,,,,,,,,5.3628
,,,,,,,,,,,,,,,,,,,,,,,,,9.141
,,,,,,,,,,,,,,,,,,,,,,,,,3.6319
,,,,,,,,,,,,,,,,,,,,,,,,,5.4017
,,,,,,,,,,,,,,,,,,,,,,,,,7.4238
,,,,,,,,,,,,,,,,,,,,,,,,,6.9035
,,,,,,,,,,,,,,,,,,,,,,,,,7.3321
,,,,,,,,,,,,,,,,,,,,,,,,,8.2773
,,,,,,,,,,,,,,,,,,,,,,,,,5.388734701
,,,,,,,,,,,,,,,,,,,,,,,,,6.9323
,,,,,,,,,,,,,,,,,,,,,,,,,6.7373
,,,,,,,,,,,,,,,,,,,,,,,,,7.7704
,,,,,,,,,,,,,,,,,,,,,,,,,9.1382
,,,,,,,,,,,,,,,,,,,,,,,,,6.324
,,,,,,,,,,,,,,,,,,,,,,,,,7.1199
,,,,,,,,,,,,,,,,,,,,,,,,,5.8635
,,,,,,,,,,,,,,,,,,,,,,,,,7.8938
,,,,,,,,,,,,,,,,,,,,,,,,,4.631
,,,,,,,,,,,,,,,,,,,,,,,,,7.5027
,,,,,,,,,,,,,,,,,,,,,,,,,5.8101
,,,,,,,,,,,,,,,,,,,,,,,,,7.2218
,,,,,,,,,,,,,,,,,,,,,,,,,8.2008
,,,,,,,,,,,,,,,,,,,,,,,,,7.5196
,,,,,,,,,,,,,,,,,,,,,,,,,8.2354
,,,,,,,,,,,,,,,,,,,,,,,,,10.0965
,,,,,,,,,,,,,,,,,,,,,,,,,5.8489
,,,,,,,,,,,,,,,,,,,,,,,,,7.0502
,,,,,,,,,,,,,,,,,,,,,,,,,7.4117
,,,,,,,,,,,,,,,,,,,,,,,,,5.5503
,,,,,,,,,,,,,,,,,,,,,,,,,5.9474
,,,,,,,,,,,,,,,,,,,,,,,,,6.885
,,,,,,,,,,,,,,,,,,,,,,,,,7.3416
,,,,,,,,,,,,,,,,,,,,,,,,,7.1323
,,,,,,,,,,,,,,,,,,,,,,,,,7.6231
,,,,,,,,,,,,,,,,,,,,,,,,,6.4272
,,,,,,,,,,,,,,,,,,,,,,,,,7.0886
,,,,,,,,,,,,,,,,,,,,,,,,,9.1213
,,,,,,,,,,,,,,,,,,,,,,,,,6.5696
,,,,,,,,,,,,,,,,,,,,,,,,,8.5147
,,,,,,,,,,,,,,,,,,,,,,,,,7.4084
,,,,,,,,,,,,,,,,,,,,,,,,,7.8548
,,,,,,,,,,,,,,,,,,,,,,,,,8.494767311
,,,,,,,,,,,,,,,,,,,,,,,,,9.3774
,,,,,,,,,,,,,,,,,,,,,,,,,4.5484
,,,,,,,,,,,,,,,,,,,,,,,,,9.5538
,,,,,,,,,,,,,,,,,,,,,,,,,8.4599
,,,,,,,,,,,,,,,,,,,,,,,,,6.5074
,,,,,,,,,,,,,,,,,,,,,,,,,4.5648
,,,,,,,,,,,,,,,,,,,,,,,,,8.0464
,,,,,,,,,,,,,,,,,,,,,,,,,5.3971
,,,,,,,,,,,,,,,,,,,,,,,,,6.1113
,,,,,,,,,,,,,,,,,,,,,,,,,8.5536
,,,,,,,,,,,,,,,,,,,,,,,,,5.4893
,,,,,,,,,,,,,,,,,,,,,,,,,6.7918
,,,,,,,,,,,,,,,,,,,,,,,,,8.6405
,,,,,,,,,,,,,,,,,,,,,,,,,9.5321
,,,,,,,,,,,,,,,,,,,,,,,,,8.0983
,,,,,,,,,,,,,,,,,,,,,,,,,8.1158
,,,,,,,,,,,,,,,,,,,,,,,,,7.8516
,,,,,,,,,,,,,,,,,,,,,,,,,7.2008
,,,,,,,,,,,,,,,,,,,,,,,,,2.5627
,,,,,,,,,,,,,,,,,,,,,,,,,6.3941
,,,,,,,,,,,,,,,,,,,,,,,,,9.7808
,,,,,,,,,,,,,,,,,,,,,,,,,5.6473
,,,,,,,,,,,,,,,,,,,,,,,,,6.1084
,,,,,,,,,,,,,,,,,,,,,,,,,9.6427
,,,,,,,,,,,,,,,,,,,,,,,,,8.7165
,,,,,,,,,,,,,,,,,,,,,,,,,6.2621
,,,,,,,,,,,,,,,,,,,,,,,,,8.489048848
,,,,,,,,,,,,,,,,,,,,,,,,,5.4732
,,,,,,,,,,,,,,,,,,,,,,,,,9.0782
,,,,,,,,,,,,,,,,,,,,,,,,,7.9907
,,,,,,,,,,,,,,,,,,,,,,,,,8.6157
,,,,,,,,,,,,,,,,,,,,,,,,,9.2131
,,,,,,,,,,,,,,,,,,,,,,,,,7.6178
,,,,,,,,,,,,,,,,,,,,,,,,,5.3091
,,,,,,,,,,,,,,,,,,,,,,,,,7.0531
,,,,,,,,,,,,,,,,,,,,,,,,,6.8183
,,,,,,,,,,,,,,,,,,,,,,,,,6.2066
,,,,,,,,,,,,,,,,,,,,,,,,,4.0615
,,,,,,,,,,,,,,,,,,,,,,,,,4.5185
,,,,,,,,,,,,,,,,,,,,,,,,,4.8031
,,,,,,,,,,,,,,,,,,,,,,,,,6.9312
,,,,,,,,,,,,,,,,,,,,,,,,,4.3211
,,,,,,,,,,,,,,,,,,,,,,,,,8.155
,,,,,,,,,,,,,,,,,,,,,,,,,5.3338
,,,,,,,,,,,,,,,,,,,,,,,,,6.1549
,,,,,,,,,,,,,,,,,,,,,,,,,8.4004
,,,,,,,,,,,,,,,,,,,,,,,,,4.0746
,,,,,,,,,,,,,,,,,,,,,,,,,8.1603
,,,,,,,,,,,,,,,,,,,,,,,,,6.9551
,,,,,,,,,,,,,,,,,,,,,,,,,8.4321
,,,,,,,,,,,,,,,,,,,,,,,,,7.8477
,,,,,,,,,,,,,,,,,,,,,,,,,7.5964
,,,,,,,,,,,,,,,,,,,,,,,,,7.7118
,,,,,,,,,,,,,,,,,,,,,,,,,7.7367
,,,,,,,,,,,,,,,,,,,,,,,,,6.1983
,,,,,,,,,,,,,,,,,,,,,,,,,8.5989
,,,,,,,,,,,,,,,,,,,,,,,,,9.2814
,,,,,,,,,,,,,,,,,,,,,,,,,8.8681
,,,,,,,,,,,,,,,,,,,,,,,,,7.9051
,,,,,,,,,,,,,,,,,,,,,,,,,7.8168
,,,,,,,,,,,,,,,,,,,,,,,,,8.0692
,,,,,,,,,,,,,,,,,,,,,,,,,5.7026
,,,,,,,,,,,,,,,,,,,,,,,,,8.707
,,,,,,,,,,,,,,,,,,,,,,,,,9.4097
,,,,,,,,,,,,,,,,,,,,,,,,,6.1687
,,,,,,,,,,,,,,,,,,,,,,,,,8.7897
,,,,,,,,,,,,,,,,,,,,,,,,,8.6123
,,,,,,,,,,,,,,,,,,,,,,,,,8.0382
,,,,,,,,,,,,,,,,,,,,,,,,,6.9064
,,,,,,,,,,,,,,,,,,,,,,,,,7.2594
,,,,,,,,,,,,,,,,,,,,,,,,,5.3918
,,,,,,,,,,,,,,,,,,,,,,,,,9.4784
,,,,,,,,,,,,,,,,,,,,,,,,,6.6685
,,,,,,,,,,,,,,,,,,,,,,,,,7.4547
,,,,,,,,,,,,,,,,,,,,,,,,,4.27
,,,,,,,,,,,,,,,,,,,,,,,,,5.1697
,,,,,,,,,,,,,,,,,,,,,,,,,7.2995
,,,,,,,,,,,,,,,,,,,,,,,,,6.3656
,,,,,,,,,,,,,,,,,,,,,,,,,7.7832
,,,,,,,,,,,,,,,,,,,,,,,,,8.7729
,,,,,,,,,,,,,,,,,,,,,,,,,7.9839
,,,,,,,,,,,,,,,,,,,,,,,,,5.2485
,,,,,,,,,,,,,,,,,,,,,,,,,8.6492
,,,,,,,,,,,,,,,,,,,,,,,,,8.026
,,,,,,,,,,,,,,,,,,,,,,,,,8.8095
,,,,,,,,,,,,,,,,,,,,,,,,,9.0382
,,,,,,,,,,,,,,,,,,,,,,,,,7.8552
,,,,,,,,,,,,,,,,,,,,,,,,,4.9431
,,,,,,,,,,,,,,,,,,,,,,,,,7.4039
,,,,,,,,,,,,,,,,,,,,,,,,,5.3873
,,,,,,,,,,,,,,,,,,,,,,,,,8.3594
,,,,,,,,,,,,,,,,,,,,,,,,,7.7466
,,,,,,,,,,,,,,,,,,,,,,,,,8.3695
,,,,,,,,,,,,,,,,,,,,,,,,,7.0783
,,,,,,,,,,,,,,,,,,,,,,,,,9.4613
,,,,,,,,,,,,,,,,,,,,,,,,,9.9394
,,,,,,,,,,,,,,,,,,,,,,,,,7.7923
,,,,,,,,,,,,,,,,,,,,,,,,,4.5387
,,,,,,,,,,,,,,,,,,,,,,,,,8.0313
,,,,,,,,,,,,,,,,,,,,,,,,,9.5591
,,,,,,,,,,,,,,,,,,,,,,,,,8.4246
,,,,,,,,,,,,,,,,,,,,,,,,,9.0561
,,,,,,,,,,,,,,,,,,,,,,,,,6.4613
,,,,,,,,,,,,,,,,,,,,,,,,,7.062
,,,,,,,,,,,,,,,,,,,,,,,,,7.3887
,,,,,,,,,,,,,,,,,,,,,,,,,7.5949
,,,,,,,,,,,,,,,,,,,,,,,,,9.8411
,,,,,,,,,,,,,,,,,,,,,,,,,9.6595
,,,,,,,,,,,,,,,,,,,,,,,,,7.7464
,,,,,,,,,,,,,,,,,,,,,,,,,7.2535
,,,,,,,,,,,,,,,,,,,,,,,,,7.5858
,,,,,,,,,,,,,,,,,,,,,,,,,8.8286
,,,,,,,,,,,,,,,,,,,,,,,,,6.9384
,,,,,,,,,,,,,,,,,,,,,,,,,5.6162
,,,,,,,,,,,,,,,,,,,,,,,,,8.5428
,,,,,,,,,,,,,,,,,,,,,,,,,10.3603
,,,,,,,,,,,,,,,,,,,,,,,,,7.231
,,,,,,,,,,,,,,,,,,,,,,,,,7.4897
,,,,,,,,,,,,,,,,,,,,,,,,,7.2328
,,,,,,,,,,,,,,,,,,,,,,,,,6.9766
,,,,,,,,,,,,,,,,,,,,,,,,,8.6404
,,,,,,,,,,,,,,,,,,,,,,,,,9.9585
,,,,,,,,,,,,,,,,,,,,,,,,,7.5251
,,,,,,,,,,,,,,,,,,,,,,,,,8.6046
,,,,,,,,,,,,,,,,,,,,,,,,,4.2895
,,,,,,,,,,,,,,,,,,,,,,,,,5.8207
,,,,,,,,,,,,,,,,,,,,,,,,,5.6234
,,,,,,,,,,,,,,,,,,,,,,,,,8.3447
,,,,,,,,,,,,,,,,,,,,,,,,,7.7358
,,,,,,,,,,,,,,,,,,,,,,,,,6.6614
,,,,,,,,,,,,,,,,,,,,,,,,,8.3545
,,,,,,,,,,,,,,,,,,,,,,,,,6.1339
,,,,,,,,,,,,,,,,,,,,,,,,,5.1785
,,,,,,,,,,,,,,,,,,,,,,,,,7.9674
,,,,,,,,,,,,,,,,,,,,,,,,,9.4926
,,,,,,,,,,,,,,,,,,,,,,,,,6.985
,,,,,,,,,,,,,,,,,,,,,,,,,8.9274
,,,,,,,,,,,,,,,,,,,,,,,,,6.3713
,,,,,,,,,,,,,,,,,,,,,,,,,4.8949
,,,,,,,,,,,,,,,,,,,,,,,,,3.8277
,,,,,,,,,,,,,,,,,,,,,,,,,9.7125
,,,,,,,,,,,,,,,,,,,,,,,,,8.7388
,,,,,,,,,,,,,,,,,,,,,,,,,7.3988
,,,,,,,,,,,,,,,,,,,,,,,,,5.1103
,,,,,,,,,,,,,,,,,,,,,,,,,6.76
,,,,,,,,,,,,,,,,,,,,,,,,,5.9055
,,,,,,,,,,,,,,,,,,,,,,,,,7.5496
,,,,,,,,,,,,,,,,,,,,,,,,,9.2826
,,,,,,,,,,,,,,,,,,,,,,,,,7.4505
,,,,,,,,,,,,,,,,,,,,,,,,,8.4101
,,,,,,,,,,,,,,,,,,,,,,,,,7.4278
,,,,,,,,,,,,,,,,,,,,,,,,,6.8016
,,,,,,,,,,,,,,,,,,,,,,,,,8.405
,,,,,,,,,,,,,,,,,,,,,,,,,7.6768
,,,,,,,,,,,,,,,,,,,,,,,,,8.6618
,,,,,,,,,,,,,,,,,,,,,,,,,9.42
,,,,,,,,,,,,,,,,,,,,,,,,,4.8418
,,,,,,,,,,,,,,,,,,,,,,,,,8.0167
,,,,,,,,,,,,,,,,,,,,,,,,,11.7632
,,,,,,,,,,,,,,,,,,,,,,,,,6.9541
,,,,,,,,,,,,,,,,,,,,,,,,,9.527
,,,,,,,,,,,,,,,,,,,,,,,,,8.1559
,,,,,,,,,,,,,,,,,,,,,,,,,10.8937
,,,,,,,,,,,,,,,,,,,,,,,,,5.793
,,,,,,,,,,,,,,,,,,,,,,,,,6.4781
,,,,,,,,,,,,,,,,,,,,,,,,,7.8441
,,,,,,,,,,,,,,,,,,,,,,,,,8.4192
,,,,,,,,,,,,,,,,,,,,,,,,,6.7253
,,,,,,,,,,,,,,,,,,,,,,,,,6.1378
,,,,,,,,,,,,,,,,,,,,,,,,,7.9994
,,,,,,,,,,,,,,,,,,,,,,,,,7.2064
,,,,,,,,,,,,,,,,,,,,,,,,,6.4813
,,,,,,,,,,,,,,,,,,,,,,,,,8.458241687
,,,,,,,,,,,,,,,,,,,,,,,,,7.2089
,,,,,,,,,,,,,,,,,,,,,,,,,4.9228
,,,,,,,,,,,,,,,,,,,,,,,,,7.2457
,,,,,,,,,,,,,,,,,,,,,,,,,9.1114
,,,,,,,,,,,,,,,,,,,,,,,,,8.5582
,,,,,,,,,,,,,,,,,,,,,,,,,5.288
,,,,,,,,,,,,,,,,,,,,,,,,,8.2754
,,,,,,,,,,,,,,,,,,,,,,,,,4.9779
,,,,,,,,,,,,,,,,,,,,,,,,,7.7471
,,,,,,,,,,,,,,,,,,,,,,,,,6.6137
,,,,,,,,,,,,,,,,,,,,,,,,,6.5418
,,,,,,,,,,,,,,,,,,,,,,,,,7.8787
,,,,,,,,,,,,,,,,,,,,,,,,,8.5671
,,,,,,,,,,,,,,,,,,,,,,,,,7.9504
,,,,,,,,,,,,,,,,,,,,,,,,,7.5945
,,,,,,,,,,,,,,,,,,,,,,,,,8.4771
,,,,,,,,,,,,,,,,,,,,,,,,,8.9644
,,,,,,,,,,,,,,,,,,,,,,,,,6.5997
,,,,,,,,,,,,,,,,,,,,,,,,,7.5307
,,,,,,,,,,,,,,,,,,,,,,,,,6.3948
,,,,,,,,,,,,,,,,,,,,,,,,,6.3421
,,,,,,,,,,,,,,,,,,,,,,,,,7.6374
,,,,,,,,,,,,,,,,,,,,,,,,,9.0952
,,,,,,,,,,,,,,,,,,,,,,,,,9.0479
,,,,,,,,,,,,,,,,,,,,,,,,,7.9847
,,,,,,,,,,,,,,,,,,,,,,,,,4.2625
,,,,,,,,,,,,,,,,,,,,,,,,,7.7071
,,,,,,,,,,,,,,,,,,,,,,,,,8.9617
,,,,,,,,,,,,,,,,,,,,,,,,,8.5905
,,,,,,,,,,,,,,,,,,,,,,,,,5.617
,,,,,,,,,,,,,,,,,,,,,,,,,6.9363
,,,,,,,,,,,,,,,,,,,,,,,,,5.5647
,,,,,,,,,,,,,,,,,,,,,,,,,8.2584
,,,,,,,,,,,,,,,,,,,,,,,,,9.6453
,,,,,,,,,,,,,,,,,,,,,,,,,6.0156
,,,,,,,,,,,,,,,,,,,,,,,,,9.5788
,,,,,,,,,,,,,,,,,,,,,,,,,7.1223
,,,,,,,,,,,,,,,,,,,,,,,,,11.0867
,,,,,,,,,,,,,,,,,,,,,,,,,10.6985
,,,,,,,,,,,,,,,,,,,,,,,,,7.0846
,,,,,,,,,,,,,,,,,,,,,,,,,8.4108
,,,,,,,,,,,,,,,,,,,,,,,,,8.0643
,,,,,,,,,,,,,,,,,,,,,,,,,8.3828
,,,,,,,,,,,,,,,,,,,,,,,,,6.4698
,,,,,,,,,,,,,,,,,,,,,,,,,4.3884
,,,,,,,,,,,,,,,,,,,,,,,,,5.9218
,,,,,,,,,,,,,,,,,,,,,,,,,6.6106
,,,,,,,,,,,,,,,,,,,,,,,,,6.6073
,,,,,,,,,,,,,,,,,,,,,,,,,8.4388
,,,,,,,,,,,,,,,,,,,,,,,,,7.5394
,,,,,,,,,,,,,,,,,,,,,,,,,4.5957
,,,,,,,,,,,,,,,,,,,,,,,,,7.8196
,,,,,,,,,,,,,,,,,,,,,,,,,6.8317
,,,,,,,,,,,,,,,,,,,,,,,,,6.358
,,,,,,,,,,,,,,,,,,,,,,,,,11.1513
,,,,,,,,,,,,,,,,,,,,,,,,,9.5325
,,,,,,,,,,,,,,,,,,,,,,,,,8.1178
,,,,,,,,,,,,,,,,,,,,,,,,,7.2673
,,,,,,,,,,,,,,,,,,,,,,,,,8.4481
,,,,,,,,,,,,,,,,,,,,,,,,,6.8741
,,,,,,,,,,,,,,,,,,,,,,,,,8.0446
,,,,,,,,,,,,,,,,,,,,,,,,,6.546
,,,,,,,,,,,,,,,,,,,,,,,,,5.4713
,,,,,,,,,,,,,,,,,,,,,,,,,7.7071
,,,,,,,,,,,,,,,,,,,,,,,,,7.6954
,,,,,,,,,,,,,,,,,,,,,,,,,6.6765
,,,,,,,,,,,,,,,,,,,,,,,,,8.2443
,,,,,,,,,,,,,,,,,,,,,,,,,5.5474
,,,,,,,,,,,,,,,,,,,,,,,,,6.4734
,,,,,,,,,,,,,,,,,,,,,,,,,5.1159
,,,,,,,,,,,,,,,,,,,,,,,,,5.6565
,,,,,,,,,,,,,,,,,,,,,,,,,9.1572
,,,,,,,,,,,,,,,,,,,,,,,,,6.597
,,,,,,,,,,,,,,,,,,,,,,,,,6.1092
,,,,,,,,,,,,,,,,,,,,,,,,,4.6275
,,,,,,,,,,,,,,,,,,,,,,,,,4.8507
,,,,,,,,,,,,,,,,,,,,,,,,,4.8499
,,,,,,,,,,,,,,,,,,,,,,,,,8.1948
,,,,,,,,,,,,,,,,,,,,,,,,,5.0481
,,,,,,,,,,,,,,,,,,,,,,,,,8.963742466
,,,,,,,,,,,,,,,,,,,,,,,,,5.7704
,,,,,,,,,,,,,,,,,,,,,,,,,3.9868
,,,,,,,,,,,,,,,,,,,,,,,,,9.0176
,,,,,,,,,,,,,,,,,,,,,,,,,6.6241
,,,,,,,,,,,,,,,,,,,,,,,,,8.818
,,,,,,,,,,,,,,,,,,,,,,,,,5.6386
,,,,,,,,,,,,,,,,,,,,,,,,,6.5903
,,,,,,,,,,,,,,,,,,,,,,,,,7.7364
,,,,,,,,,,,,,,,,,,,,,,,,,5.2082
,,,,,,,,,,,,,,,,,,,,,,,,,6.4354
,,,,,,,,,,,,,,,,,,,,,,,,,7.7882
,,,,,,,,,,,,,,,,,,,,,,,,,5.1322
,,,,,,,,,,,,,,,,,,,,,,,,,5.9327
,,,,,,,,,,,,,,,,,,,,,,,,,9.836
,,,,,,,,,,,,,,,,,,,,,,,,,7.0481
,,,,,,,,,,,,,,,,,,,,,,,,,6.9265
,,,,,,,,,,,,,,,,,,,,,,,,,7.463
,,,,,,,,,,,,,,,,,,,,,,,,,3.8294
,,,,,,,,,,,,,,,,,,,,,,,,,7.7271
,,,,,,,,,,,,,,,,,,,,,,,,,5.892
,,,,,,,,,,,,,,,,,,,,,,,,,6.5024
,,,,,,,,,,,,,,,,,,,,,,,,,9.474
,,,,,,,,,,,,,,,,,,,,,,,,,6.9906
,,,,,,,,,,,,,,,,,,,,,,,,,8.7882
,,,,,,,,,,,,,,,,,,,,,,,,,9.2559
,,,,,,,,,,,,,,,,,,,,,,,,,7.7375
,,,,,,,,,,,,,,,,,,,,,,,,,8.4504
,,,,,,,,,,,,,,,,,,,,,,,,,3.3334
,,,,,,,,,,,,,,,,,,,,,,,,,8.5481
,,,,,,,,,,,,,,,,,,,,,,,,,8.2365
,,,,,,,,,,,,,,,,,,,,,,,,,8.6521
,,,,,,,,,,,,,,,,,,,,,,,,,9.7537
,,,,,,,,,,,,,,,,,,,,,,,,,9.2197
,,,,,,,,,,,,,,,,,,,,,,,,,6.0385
,,,,,,,,,,,,,,,,,,,,,,,,,8.0853
,,,,,,,,,,,,,,,,,,,,,,,,,7.3759
,,,,,,,,,,,,,,,,,,,,,,,,,8.3636
,,,,,,,,,,,,,,,,,,,,,,,,,6.9798
,,,,,,,,,,,,,,,,,,,,,,,,,9.1466
,,,,,,,,,,,,,,,,,,,,,,,,,9.1923
,,,,,,,,,,,,,,,,,,,,,,,,,9.3349
,,,,,,,,,,,,,,,,,,,,,,,,,9.1033
,,,,,,,,,,,,,,,,,,,,,,,,,8.2017
,,,,,,,,,,,,,,,,,,,,,,,,,6.3586
,,,,,,,,,,,,,,,,,,,,,,,,,7.1015
,,,,,,,,,,,,,,,,,,,,,,,,,8.0288
,,,,,,,,,,,,,,,,,,,,,,,,,6.4169
,,,,,,,,,,,,,,,,,,,,,,,,,4.9271
,,,,,,,,,,,,,,,,,,,,,,,,,4.1519
,,,,,,,,,,,,,,,,,,,,,,,,,7.4832
,,,,,,,,,,,,,,,,,,,,,,,,,7.7934
,,,,,,,,,,,,,,,,,,,,,,,,,8.1485
,,,,,,,,,,,,,,,,,,,,,,,,,7.6211
,,,,,,,,,,,,,,,,,,,,,,,,,9.335
,,,,,,,,,,,,,,,,,,,,,,,,,9.0064
,,,,,,,,,,,,,,,,,,,,,,,,,7.8045
,,,,,,,,,,,,,,,,,,,,,,,,,6.5718
,,,,,,,,,,,,,,,,,,,,,,,,,4.5345
,,,,,,,,,,,,,,,,,,,,,,,,,8.3632
,,,,,,,,,,,,,,,,,,,,,,,,,7.3564
,,,,,,,,,,,,,,,,,,,,,,,,,6.8888
,,,,,,,,,,,,,,,,,,,,,,,,,6.0813
,,,,,,,,,,,,,,,,,,,,,,,,,4.616
,,,,,,,,,,,,,,,,,,,,,,,,,5.4795
,,,,,,,,,,,,,,,,,,,,,,,,,8.2764
,,,,,,,,,,,,,,,,,,,,,,,,,6.2634
,,,,,,,,,,,,,,,,,,,,,,,,,8.2237
,,,,,,,,,,,,,,,,,,,,,,,,,7.2035
,,,,,,,,,,,,,,,,,,,,,,,,,8.2925
,,,,,,,,,,,,,,,,,,,,,,,,,6.6705
,,,,,,,,,,,,,,,,,,,,,,,,,8.5025
,,,,,,,,,,,,,,,,,,,,,,,,,6.2521
,,,,,,,,,,,,,,,,,,,,,,,,,8.4733
,,,,,,,,,,,,,,,,,,,,,,,,,7.7081
,,,,,,,,,,,,,,,,,,,,,,,,,4.7108
,,,,,,,,,,,,,,,,,,,,,,,,,6.121
,,,,,,,,,,,,,,,,,,,,,,,,,5.7395
,,,,,,,,,,,,,,,,,,,,,,,,,9.3526
,,,,,,,,,,,,,,,,,,,,,,,,,5.9369
,,,,,,,,,,,,,,,,,,,,,,,,,8.7213
,,,,,,,,,,,,,,,,,,,,,,,,,6.6595
,,,,,,,,,,,,,,,,,,,,,,,,,4.6474
,,,,,,,,,,,,,,,,,,,,,,,,,6.2888
,,,,,,,,,,,,,,,,,,,,,,,,,9.0729
,,,,,,,,,,,,,,,,,,,,,,,,,7.332
,,,,,,,,,,,,,,,,,,,,,,,,,6.6631
,,,,,,,,,,,,,,,,,,,,,,,,,10.1681
,,,,,,,,,,,,,,,,,,,,,,,,,8.7218
,,,,,,,,,,,,,,,,,,,,,,,,,8.1376
,,,,,,,,,,,,,,,,,,,,,,,,,7.8136
,,,,,,,,,,,,,,,,,,,,,,,,,6.6446
,,,,,,,,,,,,,,,,,,,,,,,,,8.9136
,,,,,,,,,,,,,,,,,,,,,,,,,3.5995
,,,,,,,,,,,,,,,,,,,,,,,,,9.5683
,,,,,,,,,,,,,,,,,,,,,,,,,7.1617
,,,,,,,,,,,,,,,,,,,,,,,,,8.4316
,,,,,,,,,,,,,,,,,,,,,,,,,7.1798
,,,,,,,,,,,,,,,,,,,,,,,,,8.9895
,,,,,,,,,,,,,,,,,,,,,,,,,9.3474
,,,,,,,,,,,,,,,,,,,,,,,,,6.413
,,,,,,,,,,,,,,,,,,,,,,,,,5.4905
,,,,,,,,,,,,,,,,,,,,,,,,,5.3734
,,,,,,,,,,,,,,,,,,,,,,,,,8.4841
,,,,,,,,,,,,,,,,,,,,,,,,,7.4179
,,,,,,,,,,,,,,,,,,,,,,,,,7.827
,,,,,,,,,,,,,,,,,,,,,,,,,6.0008
,,,,,,,,,,,,,,,,,,,,,,,,,7.3776
,,,,,,,,,,,,,,,,,,,,,,,,,6.8896
,,,,,,,,,,,,,,,,,,,,,,,,,7.5809
,,,,,,,,,,,,,,,,,,,,,,,,,6.7772
,,,,,,,,,,,,,,,,,,,,,,,,,8.041
,,,,,,,,,,,,,,,,,,,,,,,,,9.1989
,,,,,,,,,,,,,,,,,,,,,,,,,8.3208
,,,,,,,,,,,,,,,,,,,,,,,,,7.9546
,,,,,,,,,,,,,,,,,,,,,,,,,6.6357
,,,,,,,,,,,,,,,,,,,,,,,,,7.967
,,,,,,,,,,,,,,,,,,,,,,,,,6.0231
,,,,,,,,,,,,,,,,,,,,,,,,,8.5273
,,,,,,,,,,,,,,,,,,,,,,,,,8.7538
,,,,,,,,,,,,,,,,,,,,,,,,,6.7128
,,,,,,,,,,,,,,,,,,,,,,,,,7.1622
,,,,,,,,,,,,,,,,,,,,,,,,,8.9482
,,,,,,,,,,,,,,,,,,,,,,,,,6.7434
,,,,,,,,,,,,,,,,,,,,,,,,,6.6957
,,,,,,,,,,,,,,,,,,,,,,,,,4.7004
,,,,,,,,,,,,,,,,,,,,,,,,,9.3797
,,,,,,,,,,,,,,,,,,,,,,,,,6.7259
,,,,,,,,,,,,,,,,,,,,,,,,,9.2198
,,,,,,,,,,,,,,,,,,,,,,,,,6.4628
,,,,,,,,,,,,,,,,,,,,,,,,,8.2146
,,,,,,,,,,,,,,,,,,,,,,,,,7.9034
,,,,,,,,,,,,,,,,,,,,,,,,,8.8482
,,,,,,,,,,,,,,,,,,,,,,,,,4.6044
,,,,,,,,,,,,,,,,,,,,,,,,,7.5257
,,,,,,,,,,,,,,,,,,,,,,,,,6.9022
,,,,,,,,,,,,,,,,,,,,,,,,,5.7971
,,,,,,,,,,,,,,,,,,,,,,,,,9.0342
,,,,,,,,,,,,,,,,,,,,,,,,,9.8262
,,,,,,,,,,,,,,,,,,,,,,,,,5.325
,,,,,,,,,,,,,,,,,,,,,,,,,7.0254
,,,,,,,,,,,,,,,,,,,,,,,,,8.4517
,,,,,,,,,,,,,,,,,,,,,,,,,5.1966
,,,,,,,,,,,,,,,,,,,,,,,,,7.6405
,,,,,,,,,,,,,,,,,,,,,,,,,8.6163
,,,,,,,,,,,,,,,,,,,,,,,,,6.9387
,,,,,,,,,,,,,,,,,,,,,,,,,9.0917
,,,,,,,,,,,,,,,,,,,,,,,,,6.3535
,,,,,,,,,,,,,,,,,,,,,,,,,5.415
,,,,,,,,,,,,,,,,,,,,,,,,,7.0647
,,,,,,,,,,,,,,,,,,,,,,,,,7.6773
,,,,,,,,,,,,,,,,,,,,,,,,,8.7643
,,,,,,,,,,,,,,,,,,,,,,,,,8.9263
,,,,,,,,,,,,,,,,,,,,,,,,,8.0388
,,,,,,,,,,,,,,,,,,,,,,,,,8.9075
,,,,,,,,,,,,,,,,,,,,,,,,,7.1505
,,,,,,,,,,,,,,,,,,,,,,,,,6.8196
,,,,,,,,,,,,,,,,,,,,,,,,,7.6201
,,,,,,,,,,,,,,,,,,,,,,,,,8.1325
,,,,,,,,,,,,,,,,,,,,,,,,,10.2338
,,,,,,,,,,,,,,,,,,,,,,,,,6.6275
,,,,,,,,,,,,,,,,,,,,,,,,,8.9176
,,,,,,,,,,,,,,,,,,,,,,,,,7.7037
,,,,,,,,,,,,,,,,,,,,,,,,,7.973
,,,,,,,,,,,,,,,,,,,,,,,,,6.8755
,,,,,,,,,,,,,,,,,,,,,,,,,8.1389
,,,,,,,,,,,,,,,,,,,,,,,,,6.4254
,,,,,,,,,,,,,,,,,,,,,,,,,7.4498
,,,,,,,,,,,,,,,,,,,,,,,,,7.6459
,,,,,,,,,,,,,,,,,,,,,,,,,7.2809
,,,,,,,,,,,,,,,,,,,,,,,,,7.5216
,,,,,,,,,,,,,,,,,,,,,,,,,7.4204
,,,,,,,,,,,,,,,,,,,,,,,,,7.3472
,,,,,,,,,,,,,,,,,,,,,,,,,5.7857
,,,,,,,,,,,,,,,,,,,,,,,,,5.1195
,,,,,,,,,,,,,,,,,,,,,,,,,8.974
,,,,,,,,,,,,,,,,,,,,,,,,,8.18
,,,,,,,,,,,,,,,,,,,,,,,,,7.6841
,,,,,,,,,,,,,,,,,,,,,,,,,9.249
,,,,,,,,,,,,,,,,,,,,,,,,,4.8839
,,,,,,,,,,,,,,,,,,,,,,,,,8.1013
,,,,,,,,,,,,,,,,,,,,,,,,,8.0845
,,,,,,,,,,,,,,,,,,,,,,,,,8.9705
,,,,,,,,,,,,,,,,,,,,,,,,,8.3673
,,,,,,,,,,,,,,,,,,,,,,,,,8.9189
,,,,,,,,,,,,,,,,,,,,,,,,,8.6627
,,,,,,,,,,,,,,,,,,,,,,,,,6.4264
,,,,,,,,,,,,,,,,,,,,,,,,,5.9492
,,,,,,,,,,,,,,,,,,,,,,,,,8.4328
,,,,,,,,,,,,,,,,,,,,,,,,,6.9628
,,,,,,,,,,,,,,,,,,,,,,,,,7.5055
,,,,,,,,,,,,,,,,,,,,,,,,,7.8615
,,,,,,,,,,,,,,,,,,,,,,,,,8.342
,,,,,,,,,,,,,,,,,,,,,,,,,6.6059
,,,,,,,,,,,,,,,,,,,,,,,,,5.5928
,,,,,,,,,,,,,,,,,,,,,,,,,8.5758
,,,,,,,,,,,,,,,,,,,,,,,,,7.4193
,,,,,,,,,,,,,,,,,,,,,,,,,6.5086
,,,,,,,,,,,,,,,,,,,,,,,,,7.3415
,,,,,,,,,,,,,,,,,,,,,,,,,8.291
,,,,,,,,,,,,,,,,,,,,,,,,,8.8284
,,,,,,,,,,,,,,,,,,,,,,,,,8.0825
,,,,,,,,,,,,,,,,,,,,,,,,,8.7902
,,,,,,,,,,,,,,,,,,,,,,,,,8.06
,,,,,,,,,,,,,,,,,,,,,,,,,8.2707
,,,,,,,,,,,,,,,,,,,,,,,,,9.4284
,,,,,,,,,,,,,,,,,,,,,,,,,7.9502
,,,,,,,,,,,,,,,,,,,,,,,,,8.1863
,,,,,,,,,,,,,,,,,,,,,,,,,6.2438
,,,,,,,,,,,,,,,,,,,,,,,,,7.7812
,,,,,,,,,,,,,,,,,,,,,,,,,7.6048
,,,,,,,,,,,,,,,,,,,,,,,,,8.7866
,,,,,,,,,,,,,,,,,,,,,,,,,8.7316
,,,,,,,,,,,,,,,,,,,,,,,,,7.3562
,,,,,,,,,,,,,,,,,,,,,,,,,4.851
,,,,,,,,,,,,,,,,,,,,,,,,,6.2393
