samples,E2F1-h,E2F2-h,E2F3-h,E2F4-h,E2F5-h,E2F6-h,E2F7-h,E2F8-h,,,samples,E2F1-s,E2F2-s,E2F3-s,E2F4-s,E2F5-s,E2F6-s,E2F7-s,E2F8-s
GTEX-13VXU-1126-SM-5LU3U,6.5898,1.7333,7.8672,11.0851,9.2927,8.8351,1.7333,0,,,TCGA-L5-A4OR-11,7.9848,5.8426,7.9848,10.7605,8.1686,8.8102,4.4688,7.492
GTEX-11O72-2026-SM-5N9G8,7.0048,2.678,8.198,11.3385,9.7107,9.2811,1.6598,2.084,,,TCGA-L5-A43C-11,7.3653,4.5706,7.8652,10.8785,8.7747,9.2014,3.1022,5.6746
GTEX-ZYFC-2226-SM-5NQ96,6.6944,3.255,7.8297,11.1111,9.4725,8.8711,2.3988,0,,,TCGA-L5-A4OO-11,7.2951,4.5418,8.5248,11.0505,7.6146,9.5133,3.538,6.4775
GTEX-145MF-1526-SM-5LU95,7.204,3.1563,7.8489,11.2474,9.1664,9.0347,2.3097,1.8633,,,TCGA-L5-A4OQ-11,7.082,5.044,9.9885,11.1772,7.9018,9.6168,5.0697,4.9913
GTEX-13OW6-1626-SM-5IJD5,6.9297,2.594,7.3967,11.0104,9.2704,9.1003,1.176,0,,,TCGA-V5-AASX-11,9.6096,9.6501,10.0153,11.475,9.0289,9.3528,7.6936,10.4478
GTEX-11DXY-1326-SM-5987Z,6.6959,1.9309,7.7084,11.1818,9.2509,8.9987,1.2669,1.2669,,,TCGA-L5-A4OF-11,9.5192,9.2358,9.4899,11.1339,8.1689,9.1357,8.7558,10.1258
GTEX-132NY-2026-SM-5L3FM,7.0307,1.8565,7.6071,11.2932,8.9105,8.5789,1.2083,1.2083,,,TCGA-IC-A6RE-11,8.3495,10.4926,8.7587,11.2257,7.7141,8.3111,7.2462,8.8651
GTEX-Y5V6-1226-SM-4VDTE,6.3079,5.1264,8.6427,11.215,7.3371,9.4921,0.9579,4.2409,,,TCGA-V5-A7RE-11,9.8858,10.4092,11.2006,13.4098,10.3594,10.4834,9.3798,12.0225
GTEX-X585-1426-SM-4E3JO,5.0156,3.3791,7.976,11.3977,9.0876,9.2272,3.2264,1.6276,,,TCGA-L5-A4OG-11,7.2479,6.7142,8.585,11.1163,8.5386,9.0455,5.2479,7.8329
GTEX-VUSG-1026-SM-4KKZN,7.3361,3.5144,8.3223,11.8605,9.1346,9.5033,3.9633,2.6355,,,TCGA-L5-A4OJ-11,8.3146,6.5133,8.7699,10.9761,8.6641,9.4405,7.8404,8.1999
GTEX-13OW7-1926-SM-5LUB4,6.9083,2.9864,8.0069,11.1315,9.0746,9.0396,1.9146,0,,,TCGA-IC-A6RF-11,8.664,8.5394,9.061,11.8793,8.012,9.1239,8.1145,7.5321
GTEX-WZTO-1726-SM-4PQYV,6.8867,3.0392,8.7562,11.0114,9.0383,8.8495,3.5644,1.4881,,,TCGA-L5-A4OM-11,8.4785,8.3479,9.1373,11.5102,8.0549,8.9682,8.054,9.0466
GTEX-11DYG-1926-SM-5H12I,7.2232,3.7186,8.3693,11.3568,9.0505,9.3644,3.7186,0,,,TCGA-IG-A3I8-11,6.4353,1.7624,8.8485,11.0614,6.9236,9.7867,2.9222,1.4826
GTEX-13OW8-2426-SM-5L3ID,6.6782,2.3855,7.2717,11.0291,8.4846,9.2447,0,0,,,TCGA-L5-A43J-01,9.0024,6.9556,9.1107,12.4024,8.9575,9.1875,10.1842,8.3569
GTEX-14E7W-1926-SM-5S2R9,6.8325,1.3862,7.0414,11.0792,9.3849,8.8047,2.8983,2.5464,,,TCGA-L5-A88T-01,8.874,9.9379,9.4237,11.6129,8.0923,8.8809,8.2085,8.9841
GTEX-11NUK-1726-SM-5A5L2,7.1345,2.9105,7.2253,11.2613,9.0648,9.0952,1.204,0,,,TCGA-L5-A88S-01,8.617,8.5673,9.134,11.4072,6.9176,8.9382,7.977,8.1414
GTEX-1192W-0826-SM-5EGHE,6.6114,8.0468,8.5936,10.8606,9.0549,8.7991,3.7597,5.3372,,,TCGA-L5-A8NU-01,8.9215,8.4465,9.7047,11.3365,8.7564,9.1025,7.1697,9.3358
GTEX-13OVH-1826-SM-5K7YW,6.1849,3.331,9.022,11.8417,9.0483,9.2508,0,0,,,TCGA-L5-A4OR-01,10.0311,10.6967,10.4168,11.9033,9.9735,9.9202,9.5948,10.4444
GTEX-ZAB5-1226-SM-5P9FY,7.5384,8.8571,8.6947,11.453,9.1376,8.9756,7.0196,8.5935,,,TCGA-KH-A6WC-01,8.0712,10.0544,8.9403,11.1951,7.9642,8.3802,8.4403,9.6847
GTEX-13FLV-1326-SM-5L3EJ,7.5781,2.3596,9.0646,10.8721,8.3338,9.112,1.9087,1.2494,,,TCGA-L5-A43C-01,9.3794,8.9894,10.1045,11.1823,8.8089,9.4238,8.6506,8.635
GTEX-Y111-1826-SM-4SOIR,7.3016,2.3375,7.7984,11.2953,9.3966,9.1374,2.6793,1.2335,,,TCGA-L5-A4OE-01,8.5699,8.4535,10.9291,11.7852,9.3159,9.9732,9.719,9.5811
GTEX-13NYB-1326-SM-5K7Y1,7.1291,0,6.9166,10.8993,8.9286,8.8337,0,1.3771,,,TCGA-L5-A4OU-01,9.7022,8.8256,10.0339,12.1444,8.9102,9.2601,10.2191,9.688
GTEX-1497J-2126-SM-5NQB8,6.8555,2.186,8.2422,11.3748,8.8004,9.6085,2.186,1.7515,,,TCGA-L5-A8NN-01,10.931,9.1583,11.3707,12.3336,8.8355,10.4764,9.9194,10.3625
GTEX-13PVQ-1926-SM-5L3GN,8.1772,3.7401,9.5031,11.6968,8.6175,9.4868,1.9059,0,,,TCGA-2H-A9GQ-01,9.8284,9.0107,10.7892,11.4945,10.7515,10.565,9.7225,8.9081
GTEX-139YR-1826-SM-5LZXA,6.5403,3.6449,8.1671,11.3369,8.8097,9.1774,4.2405,3.1165,,,TCGA-2H-A9GR-01,9.9501,8.2196,10.3004,11.9848,9.1243,9.224,8.5244,9.6482
GTEX-XQ3S-1026-SM-4BOPJ,7.5634,3.8235,8.1358,11.6602,9.2145,8.9067,3.1529,2.3067,,,TCGA-L5-A4OI-01,8.5595,9.878,9.6862,12.0284,9.1618,8.9666,8.6828,9.7514
GTEX-13QJ3-1926-SM-5QGQM,6.868,4.8664,8.4053,11.4572,9.2012,9.1916,2.8599,3.1415,,,TCGA-L5-A8NI-01,10.39,9.6005,10.6269,12.5792,9.7043,9.075,8.5936,9.7609
GTEX-13OVL-2726-SM-5J2MP,7.9715,1.7623,7.476,11.319,9.0456,9.1678,0,0,,,TCGA-JY-A6FB-01,10.3572,9.4187,9.998,12.1542,8.4709,8.9694,9.2716,12.285
GTEX-WFON-1026-SM-4LVMD,7.3106,3.7481,8.3179,11.2893,8.2754,9.5516,3.3453,3.3453,,,TCGA-JY-A939-01,8.9497,8.2138,9.6792,11.167,8.6617,9.4054,8.1445,9.8542
GTEX-YJ8A-1426-SM-5PNV7,8.0201,2.4048,9.5901,11.5794,8.2162,10.1309,2.9769,0,,,TCGA-L5-A43I-01,9.9291,9.5079,10.5896,11.5362,10.1626,9.4329,9.7877,10.131
GTEX-11OF3-2326-SM-5GU73,6.7588,2.749,7.5795,11.2434,9.4456,8.9992,0,0,,,TCGA-L5-A4OT-01,9.5937,8.6107,10.4447,11.0116,9.1724,9.4786,10.8246,9.9664
GTEX-1399R-0926-SM-5J2N8,7.3069,2.6326,8.433,11.4204,8.5246,9.409,1.8483,0,,,TCGA-L5-A8NE-01,9.7998,10.6927,10.3787,10.9842,8.7763,9.6057,7.1178,9.3882
GTEX-13N1W-1926-SM-5IJCH,8.0799,2.8837,9.4139,10.9188,9.3155,9.2114,2.5324,2.067,,,TCGA-L5-A8NG-01,10.1721,9.2517,10.0125,11.4047,9.4442,9.5919,8.5407,9.3984
GTEX-ZYW4-1626-SM-5GIE6,8.4092,3.2333,8.3609,11.3454,9.2833,9.0981,1.2635,1.2635,,,TCGA-L5-A8NJ-01,10.9649,9.1715,9.3294,12.2347,8.2212,9.0438,10.154,10.2245
GTEX-11P7K-1426-SM-5EGKY,6.8334,2.4189,8.4464,11.1687,7.6277,9.5253,2.0912,1.0614,,,TCGA-LN-A49Y-01,10.1477,10.4082,11.1395,12.3214,8.5302,10.3952,9.9547,9.3696
GTEX-WQUQ-1826-SM-4OOSD,8.2964,0,8.0342,11.5063,8.383,9.4859,2.0259,2.4876,,,TCGA-L5-A88Y-01,9.2125,8.8052,9.594,11.2769,8.0458,8.9294,8.1895,7.8603
GTEX-Y8E4-1926-SM-4VBPW,6.8356,3.0136,7.9784,11.4261,8.3877,9.5288,1.8692,0.9142,,,TCGA-L5-A8NS-01,9.0248,8.9876,10.243,11.4399,9.4445,8.7506,8.8869,9.4551
GTEX-WL46-1226-SM-4OOS4,8.5394,9.4478,8.1154,11.4147,8.7119,8.7077,7.5932,7.5019,,,TCGA-S8-A6BV-01,9.0199,8.351,9.564,11.6093,8.5631,9.7264,7.8326,8.3943
GTEX-ZPU1-1526-SM-4YCFF,7.7102,8.9375,9.1721,11.605,8.8435,9.6263,7.3316,7.9286,,,TCGA-JY-A938-01,10.3248,9.4642,10.8489,11.2097,10.4088,10.1887,9.1132,9.9539
GTEX-XBEW-1526-SM-4AT4K,8.0099,3.5551,8.0832,11.6888,8.2744,9.8354,2.3314,1.2292,,,TCGA-L5-A43H-01,9.8269,8.8255,10.2527,12.0724,8.1642,10.3532,9.9992,8.5903
GTEX-ZVZP-1626-SM-5GIDJ,8.2231,5.292,8.4709,11.713,8.3245,10.0064,2.8804,4.417,,,TCGA-L5-A4OO-01,9.8286,7.4263,10.3963,11.8147,9.0648,9.1249,7.9766,8.7854
GTEX-WY7C-0826-SM-4ONCG,6.7134,4.7095,8.5174,10.8499,8.1515,9.4582,2.4266,4.9327,,,TCGA-L5-A4OQ-01,9.3429,8.9399,11.2448,11.8674,9.5467,10.0573,8.9355,9.5758
GTEX-11UD2-1526-SM-5EQLQ,7.6371,3.1782,9.2015,11.4535,8.7901,9.571,1.3842,0,,,TCGA-L5-A8NV-01,9.6608,8.3815,10.2295,12.0991,8.4413,8.9389,9.2255,11.053
GTEX-131XE-1526-SM-5KM1A,7.181,1.6706,7.8608,11.347,9.244,9.5317,1.0647,1.6706,,,TCGA-2H-A9GL-01,10.3775,11.2923,10.2943,11.38,9.3344,10.0529,11.2594,10.0872
GTEX-Y3I4-0926-SM-4TT2B,7.2996,6.3387,8.4542,11.5912,8.4432,9.7038,3.7538,4.9914,,,TCGA-L5-A43E-01,9.0144,8.2499,10.8246,12.1005,10.5005,9.8688,8.4068,9.7881
GTEX-12BJ1-1526-SM-5LUAQ,7.6549,4.8356,8.7875,11.0651,7.3752,9.7401,3.5504,2.4835,,,TCGA-V5-AASX-01,10.1751,10.038,10.5705,11.724,8.9344,9.423,8.9209,10.9157
GTEX-XXEK-0526-SM-4BRWD,8.141,1.1,8.3974,11.4724,8.9974,9.9203,1.1,1.7167,,,TCGA-LN-A49W-01,10.2377,9.5522,11.0508,12.3989,9.3938,10.2388,10.174,9.738
GTEX-YB5E-1026-SM-5IFI2,7.7467,3.0226,7.7145,11.3229,7.6934,9.7262,2.5238,1.1294,,,TCGA-VR-A8EQ-01,9.3928,8.753,9.8165,11.9885,9.1115,8.2957,8.8019,9.9343
GTEX-V955-1226-SM-4JBI9,8.2251,5.0423,8.5043,11.549,8.3985,9.5958,4.0343,3.5424,,,TCGA-IG-A3Y9-01,9.428,10.1743,9.601,12.2266,7.6364,9.197,9.508,8.0888
GTEX-12696-1526-SM-5EGL6,8.5908,2.6234,8.1078,11.5637,9.0128,9.0303,1.1956,0,,,TCGA-IG-A5B8-01,9.1824,9.5302,9.7743,12.7517,7.3708,9.567,9.8489,8.6571
GTEX-139T6-0826-SM-5J1O2,7.74,2.1069,8.4758,11.2584,7.1652,9.8722,2.1069,1.0721,,,TCGA-LN-A7HX-01,9.9681,9.7351,9.674,12.1368,5.8457,8.6422,11.452,10.376
GTEX-ZY6K-0826-SM-5A5L7,7.8515,3.2102,8.3298,11.7147,8.8747,9.4783,2.182,1.7478,,,TCGA-R6-A8W8-01,10.1383,9.8924,9.9447,11.6534,9.1448,8.5023,9.6183,11.7616
GTEX-WHSB-0626-SM-4M1XP,7.2568,8.0488,9.2852,11.318,8.0716,9.3324,6.1863,6.8009,,,TCGA-V5-AASW-01,11.1598,9.5013,10.6455,12.2928,9.2756,10.922,10.5741,10.7141
GTEX-ZV7C-1326-SM-5BC7G,6.9077,2.7494,8.6825,11.0959,8.5332,9.8199,2.7494,3.3447,,,TCGA-IG-A4QS-01,9.3002,8.7909,10.9233,11.7747,10.3654,9.2092,7.6487,9.1279
GTEX-11P82-0426-SM-5HL5D,7.0855,1.1399,8.1552,11.2842,7.9672,9.363,1.1399,1.1399,,,TCGA-L5-A4OH-01,10.4176,9.5072,11.0006,12.6048,9.277,10.1126,9.2229,10.3077
GTEX-XQ8I-1826-SM-4BOOJ,7.8404,1.9325,8.1646,11.5854,9.4698,9.4934,1.2681,1.2681,,,TCGA-L5-A8NQ-01,9.8703,9.4081,9.0641,11.9257,7.2026,8.5385,7.8422,8.5986
GTEX-YEC3-2326-SM-5IFJF,7.5217,3.1773,8.5841,11.5765,8.1316,9.4295,2.4849,3.1773,,,TCGA-LN-A49P-01,9.9736,9.3757,9.5252,11.8368,8.9201,9.4697,8.9263,10.14
GTEX-1192X-1826-SM-5GIE2,7.7696,4.1205,8.1347,11.3983,8.7217,9.301,3.5764,3.4009,,,TCGA-R6-A6Y2-01,10.3314,8.5115,10.351,11.241,8.6558,9.6292,8.9731,9.8488
GTEX-144GM-1626-SM-5O9AG,5.9461,4.6246,8.9166,11.461,7.5346,9.7415,1.985,1.985,,,TCGA-2H-A9GN-01,10.1385,9.3516,10.8359,12.1314,10.2564,10.164,10.3981,10.1186
GTEX-ZT9W-1426-SM-4YCD2,8.119,2.2575,8.9879,11.2285,8.224,9.7599,2.7382,0.9601,,,TCGA-LN-A9FR-01,9.7118,8.5495,10.8755,11.8608,7.8123,9.7921,10.6874,9.1843
GTEX-WOFM-0426-SM-4OOSG,8.581,9.0653,9.8818,12.014,8.0944,9.1463,7.1784,8.7666,,,TCGA-VR-AA7I-01,9.7111,8.9589,10.0093,12.4183,7.0391,9.3052,9.6637,8.3385
GTEX-ZVP2-1426-SM-5NQ7P,8.5041,2.1497,8.1786,11.4926,8.2565,9.7866,1.7187,2.9772,,,TCGA-L5-A8NT-01,8.3798,8.3958,9.5286,11.7045,8.3137,9.392,9.5371,9.509
GTEX-13O61-1226-SM-5KM21,7.8584,1.2432,8.5213,11.358,8.0379,9.2513,3.5775,3.8751,,,TCGA-X8-AAAR-01,8.3537,8.379,9.5942,11.3672,9.0107,9.7106,6.9823,8.1886
GTEX-WFG8-1126-SM-4LVN1,7.4373,4.7238,8.8892,11.3237,7.8103,9.3521,3.0112,4.8703,,,TCGA-2H-A9GI-01,9.6872,8.7967,10.9036,12.1281,8.9461,9.8602,8.0785,8.8981
GTEX-WHPG-1326-SM-4M1ZJ,8.4709,9.3812,9.2619,11.6182,8.4893,8.7056,7.9353,8.6863,,,TCGA-R6-A6L6-01,10.2073,9.134,9.1643,11.6614,8.7671,8.934,8.2285,9.3715
GTEX-ZTSS-0826-SM-5985L,8.0505,1.1904,8.7881,11.4406,8.0252,10.0424,0,0,,,TCGA-2H-A9GF-01,9.9099,9.7744,11.0954,11.778,6.4934,9.7992,9.0957,10.6258
GTEX-12C56-0426-SM-5FQU1,7.4767,2.7711,8.5554,11.3363,8.0787,9.7123,2.7711,2.5011,,,TCGA-L5-A88W-01,8.4491,7.3612,9.3888,11.9491,6.6201,8.9487,9.327,8.6116
GTEX-13O21-0726-SM-5L3EG,6.9863,3.9213,8.3085,11.1722,8.1176,9.5152,2.0513,2.5153,,,TCGA-V5-AASV-01,9.8763,11.1866,10.8232,12.1505,9.0867,9.7434,9.9826,10.1682
GTEX-111YS-0826-SM-5GZYK,7.912,3.9094,8.7204,11.3451,7.9598,9.8117,2.7248,2.7248,,,TCGA-2H-A9GG-01,8.8547,8.7812,10.2662,10.9544,9.7421,9.0561,8.2312,8.6789
GTEX-X4LF-0826-SM-4QASC,6.1847,4.2149,8.4966,11.3912,7.7311,9.6367,3.4917,2.7775,,,TCGA-LN-A49K-01,9.8218,9.7266,10.4741,12.2366,8.4075,10.1506,10.2486,9.1876
GTEX-Y9LG-0926-SM-4VDS6,7.1058,3.6882,7.9902,11.5276,8.4688,9.4418,1.1303,1.7562,,,TCGA-L5-A4ON-01,9.4646,9.9913,10.1513,12.3137,9.7802,9.8709,9.2214,9.5054
GTEX-XGQ4-1626-SM-4AT6J,8.1602,3.7078,7.7084,11.2844,8.1753,9.5548,2.006,3.0945,,,TCGA-L7-A56G-01,9.7172,10.5117,10.6164,11.1748,9.1572,9.7603,10.2262,9.3714
GTEX-11EQ9-0926-SM-5HL6I,6.9374,3.8099,7.8065,11.1301,7.7771,9.7381,1.9614,4.5051,,,TCGA-LN-A4A6-01,9.4203,11.2464,10.1011,12.6053,7.4254,9.6441,11.6896,10.3821
GTEX-13FTW-1926-SM-5K7Y4,7.2183,5.5966,8.6185,11.103,7.2297,9.7284,3.0321,5.2056,,,TCGA-ZR-A9CJ-01,10.0649,7.8419,10.2868,12.2876,9.8069,9.741,10.6453,9.8684
GTEX-ZQUD-0626-SM-51MR2,7.6732,3.2422,7.886,11.0808,8.138,9.1897,2.3872,2.3872,,,TCGA-R6-A6XG-01,9.8367,9.486,10.065,12.5113,9.3696,9.7713,9.5457,9.8975
GTEX-X3Y1-1126-SM-4PQZ9,7.6897,2.9475,8.9041,11.2469,8.061,9.7454,1.2283,0,,,TCGA-VR-A8ET-01,9.7153,9.4234,11.1891,12.3299,9.0653,10.7468,9.3366,10.2166
GTEX-11WQK-2226-SM-5CVL7,6.1973,3.2888,10.1031,11.7579,9.307,9.6234,3.1171,1.675,,,TCGA-IG-A51D-01,10.5342,9.9608,10.1165,12.2661,8.4032,9.7507,10.7363,10.0687
GTEX-XBED-1126-SM-48TCF,7.1731,2.0775,9.0738,11.3381,7.4703,9.8026,2.5438,1.3843,,,TCGA-L5-A4OF-01,9.4198,9.3231,11.1598,12.1619,9.7683,10.7884,8.7042,9.791
GTEX-146FQ-1226-SM-5QGQ4,7.6325,7.1886,8.2088,11.3284,8.4986,9.4159,6.4198,8.9084,,,TCGA-VR-A8EX-01,9.4965,10.0033,9.8749,12.0963,8.0712,9.6415,9.7802,9.2099
GTEX-14DAR-0726-SM-5RQIA,7.5733,1.8112,8.0539,11.3059,8.1903,9.7657,1.8112,1.1729,,,TCGA-IG-A3YC-01,9.8174,9.3787,9.8419,12.007,8.4202,9.1893,9.5587,9.0115
GTEX-132QS-1626-SM-5K7YZ,6.7281,3.0431,8.3527,11.3246,7.1117,9.5143,2.5431,2.2083,,,TCGA-IG-A8O2-01,9.4155,9.6628,10.0384,12.6466,8.6949,10.4038,9.4013,8.5324
GTEX-131XF-1126-SM-5HL8J,8.2033,2.8915,8.8457,11.3819,7.8074,9.9695,0,0,,,TCGA-L7-A6VZ-01,10.2653,9.7556,8.4284,11.6226,10.0192,9.378,9.2115,10.7073
GTEX-Z9EW-0326-SM-5CVM8,8.4948,3.7094,8.2109,11.3852,7.6718,9.8343,1.8815,1.2279,,,TCGA-LN-A49M-01,8.8586,9.4083,10.3665,12.163,6.7915,9.4913,10.3514,8.4459
GTEX-12WSN-1826-SM-5LZUT,6.6598,4.3269,9.1292,11.7258,8.1274,9.6749,2.1939,2.5279,,,TCGA-LN-A9FQ-01,10.0318,9.1445,9.8889,12.4318,7.5779,10.2213,9.3668,9.0575
GTEX-13RTK-0426-SM-5RQHT,7.9767,3.8641,9.0527,11.2486,7.367,9.8452,2.4648,1.705,,,TCGA-IG-A3YB-01,9.1767,9.0236,10.0651,11.5266,7.2242,8.9759,6.9837,7.7109
GTEX-YEC4-1226-SM-5CVLX,7.1263,2.0174,8.7713,11.1215,7.7314,9.7589,3.3428,2.0174,,,TCGA-JY-A93E-01,9.5198,8.3072,9.988,11.7707,8.959,9.5782,8.5694,9.8953
GTEX-1339X-1126-SM-5J2OI,5.7256,2.8441,8.9198,11.8944,8.0881,9.8162,0,0,,,TCGA-LN-A4A3-01,10.0856,9.1811,10.5458,11.8639,9.5021,10.138,10.7931,9.3563
GTEX-WFG7-1226-SM-4LMK2,7.4203,5.0908,8.5352,11.3276,8.2607,9.4873,3.8557,3.8557,,,TCGA-Q9-A6FW-01,8.3509,8.3566,9.7058,11.4081,8.5929,9.2909,8.3679,8.8869
GTEX-X5EB-1026-SM-46MVU,7.1959,0,8.7743,11.2082,7.5132,9.5689,3.0032,0,,,TCGA-IG-A625-01,9.3419,8.4666,10.6667,12.0318,8.3185,9.5737,8.9954,10.0137
GTEX-ZVT2-1526-SM-51MQZ,6.3441,3.4034,9.9411,11.5792,6.8735,10.1456,2.5337,2.8049,,,TCGA-L5-A4OX-01,10.1113,10.7847,11.0392,12.514,10.0766,9.5016,10.23,10.724
GTEX-ZAK1-1826-SM-5HL93,7.0522,1.229,7.9792,11.1763,9.3275,9.406,2.9487,1.229,,,TCGA-L5-A88V-01,11.3224,10.1196,10.0848,12.3075,8.1911,9.2651,8.2492,9.5683
GTEX-12WSD-2026-SM-5HL7D,7.0218,2.8721,7.8042,11.2465,9.0104,8.7678,2.5986,2.5986,,,TCGA-LN-A4A1-01,9.9785,9.0062,10.355,11.2797,8.0552,9.6541,9.9986,8.216
GTEX-14DAQ-1626-SM-5S2R1,6.6964,4.1794,8.1757,11.3124,9.0889,8.8555,0,1.2789,,,TCGA-R6-A8W5-01,10.0868,10.5696,10.8927,12.2748,9.6865,10.0946,9.6511,10.2459
GTEX-11ZTS-2726-SM-5EQLU,7.1664,2.0479,8.4143,11.1208,9.216,9.2321,2.862,2.0479,,,TCGA-R6-A8WG-01,10.8736,10.0002,10.4449,11.7843,9.292,10.5709,10.3078,10.5119
GTEX-11VI4-0826-SM-5GU5N,6.9881,4.4879,8.0857,11.1327,7.8183,9.8614,4.3991,4.8648,,,TCGA-VR-A8Q7-01,12.0113,10.1719,12.551,13.79,11.149,10.9204,12.2433,11.616
GTEX-ZYVF-2526-SM-5E45C,6.9878,2.6533,8.7538,11.6037,9.4778,9.562,2.3876,1.6399,,,TCGA-IC-A6RE-01,10.5759,9.3741,9.1176,11.6958,8.3149,9.2064,9.0153,9.2373
GTEX-X8HC-1326-SM-46MWB,6.2622,4.9088,9.1431,11.7178,8.7837,9.3977,2.2594,3.628,,,TCGA-LN-A49S-01,10.1656,10.0245,10.1933,12.1519,8.1944,9.608,9.3107,9.9636
GTEX-YJ8O-0326-SM-5RQJW,7.1824,3.5258,7.3775,11.4405,8.8349,9.1973,1.3234,1.3234,,,TCGA-LN-A7HW-01,9.6156,8.9047,10.4056,11.9384,7.3345,9.7772,9.1147,8.6744
GTEX-148VI-1226-SM-5RQJR,7.8743,3.371,7.8453,11.3176,8.5681,9.1055,2.041,1.3548,,,TCGA-V5-A7RB-01,10.1239,9.5542,10.7794,11.068,10.5555,10.298,9.5996,10.2474
GTEX-13QBU-0826-SM-5IJBU,6.7519,5,9.1177,11.17,7.7465,9.2084,2.9798,4.6502,,,TCGA-2H-A9GO-01,10.6962,9.8969,11.1087,11.4503,10.0428,9.7809,10.3847,10.8007
GTEX-11I78-1626-SM-5A5M2,7.5066,5.8216,9.7917,11.803,7.6285,10.2909,3.2132,3.3863,,,TCGA-IG-A50L-01,10.3777,10.1948,10.7324,12.6897,8.6868,10.153,11.1588,8.441
GTEX-ZPIC-1926-SM-57WFQ,6.4814,3.3166,9.1503,10.8642,7.3965,9.4982,2.6139,2.2754,,,TCGA-IG-A97I-01,9.9802,9.6508,9.17,11.6498,7.1164,9.5786,9.9239,9.0478
GTEX-ZF2S-1326-SM-4WWAZ,7.1372,2.6047,8.5194,11.3054,8.6304,9.2845,1.8243,0,,,TCGA-LN-A4A9-01,9.5982,9.7827,10.064,11.7669,8.9914,9.1597,10.1638,8.0112
GTEX-13113-0626-SM-5GCP2,6.6053,2.213,8.8141,11.3276,6.7417,9.27,1.4948,0,,,TCGA-LN-A7HV-01,10.5082,10.2077,11.3475,11.1416,7.9835,10.0089,10.5374,8.3336
GTEX-Y3IK-1326-SM-4YCD8,6.6075,3.1768,8.2155,11.0261,8.3636,9.1206,2.9453,2.3281,,,TCGA-M9-A5M8-01,10.3147,9.347,9.9974,11.9134,8.9942,9.9319,10.5273,9.8919
GTEX-WYBS-1626-SM-4ONCA,6.9515,4.489,8.4522,11.1631,9.1248,9.1674,2.1941,0,,,TCGA-R6-A6DN-01,10.912,8.5041,10.9072,12.0847,8.8155,9.9289,9.9297,11.0555
GTEX-WYVS-1026-SM-4SOJW,7.3476,0,7.9863,10.8709,9.1398,9.4428,0,1.9225,,,TCGA-R6-A6XQ-01,11.1076,9.9984,9.5872,10.6602,8.1951,9.5487,10.0666,10.0139
GTEX-ZGAY-1526-SM-4WWEO,8.5586,3.073,8.4272,11.2555,7.2749,9.6467,1.6409,0,,,TCGA-VR-AA7D-01,10.4443,10.168,10.4633,12.8594,6.6697,9.346,11.4448,10.459
GTEX-146FH-1926-SM-5Q5B2,8.0348,3.1345,8.0101,11.4519,8.4393,9.2373,0,1.6886,,,TCGA-2H-A9GJ-01,9.4064,10.5485,9.8137,12.1243,8.9767,9.734,8.3027,10.03
GTEX-ZYFG-1226-SM-5GIC7,7.63,2.9272,9.1582,11.3766,8.3301,9.7959,3.294,3.9367,,,TCGA-L5-A8NF-01,10.2097,9.7953,9.7965,12.3127,7.6068,8.9117,10.3496,10.51
GTEX-11DXX-1226-SM-5GICD,7.3566,5.0521,9.0247,11.5152,7.651,9.7415,4.1774,4.0074,,,TCGA-LN-A4A2-01,10.8775,10.8294,10.2398,13.506,7.5198,10.8913,12.3742,9.201
GTEX-ZYWO-1126-SM-5U3SH,7.0879,1.867,9.1009,11.6293,8.7683,9.8783,2.6544,1.4674,,,TCGA-LN-A4MR-01,9.1848,10.3281,10.8947,11.2098,7.6111,9.4895,10.523,9.7354
GTEX-WXYG-1026-SM-4ONCD,7.1222,2.224,7.8215,11.2347,7.7248,9.6727,2.5597,1.1532,,,TCGA-LN-A5U5-01,8.9871,8.6158,9.8772,12.3348,7.6238,9.5229,10.1141,10.0137
GTEX-13D11-2026-SM-5IJBK,7.0742,5.0377,8.3648,11.2813,8.3807,9.4972,3.6398,5.1965,,,TCGA-VR-A8EW-01,10.3104,9.4276,8.7885,12.3122,7.2199,9.9822,9.7897,10.0343
GTEX-Y114-1126-SM-4TT7V,7.456,1.261,8.8859,11.3272,7.8038,9.9859,1.9235,0,,,TCGA-Z6-A8JE-01,11.024,11.5943,11.4148,12.8371,9.2731,10.7122,11.3786,11.2033
GTEX-11P81-1026-SM-5GU54,7.3505,2.7316,7.7789,10.9827,8.9606,9.3895,1.9339,1.9339,,,TCGA-Z6-AAPN-01,9.5623,7.5453,9.5071,12.0497,8.8068,9.8696,9.0238,9.7445
GTEX-13FH7-0626-SM-5KLZD,6.8185,2.4767,9.1273,11.3266,7.8582,9.7669,1.7151,2.4767,,,TCGA-IG-A4QT-01,8.8531,10.4344,10.122,11.7541,9.9981,8.8361,7.827,8.7864
GTEX-13OVJ-1426-SM-5K7Z2,7.4681,3.9367,8.2018,11.0669,8.6575,9.604,3.028,1.9496,,,TCGA-JY-A6F8-01,10.494,8.4663,9.0776,12.2266,10.3188,9.0808,8.468,10.3922
GTEX-13U4I-1326-SM-5KM25,7.23,3.0907,8.2191,11.3303,8.165,9.2085,3.2886,2.8611,,,TCGA-L5-A8NL-01,10.2903,8.92,10.1007,11.7558,8.9903,9.5243,9.7921,10.0666
GTEX-1122O-1826-SM-5EGIP,7.8132,3.0983,8.49,11.3359,8.0144,9.8468,0,3.333,,,TCGA-LN-A8HZ-01,10.8129,9.7948,9.7462,12.5158,7.9725,9.8277,10.4914,9.4385
GTEX-11XUK-0926-SM-5EQL3,8.8237,1.2324,8.5552,11.1938,7.587,9.8058,2.9537,1.2324,,,TCGA-R6-A8WC-01,10.8607,9.9829,10.8753,12.3389,10.0316,9.9479,10.3487,11.1279
GTEX-1399S-1526-SM-5P9JC,7.3456,2.8861,8.4202,11.5945,7.4132,9.6141,0,0,,,TCGA-L5-A8NW-01,10.0742,9.9529,10.4949,11.0137,8.3201,8.9575,9.2309,9.7857
GTEX-XYKS-1026-SM-4BRVH,7.6427,3.6566,7.5784,11.74,8.6865,9.7576,1.2936,1.2936,,,TCGA-V5-A7RC-01,10.9298,10.3364,10.9704,13.1126,8.7818,10.5474,10.8456,10.4531
GTEX-11EM3-0926-SM-5A5KK,7.8786,1.2403,8.4446,11.0597,7.6546,9.7552,0,0,,,TCGA-IG-A3QL-01,9.7782,8.7225,10.5015,11.0029,8.6975,10.1495,8.8048,8.5914
GTEX-X15G-1026-SM-4PQZF,8.536,2.0348,7.9133,11.5602,8.3981,9.4819,2.0348,2.0348,,,TCGA-IG-A6QS-01,9.9969,10.4054,9.789,12.5659,6.6439,9.1596,9.8529,9.4357
GTEX-132AR-2526-SM-5PNVM,6.4421,2.5079,7.9037,11.7569,9.2133,9.3432,3.7551,1.3577,,,TCGA-L5-A8NH-01,10.6604,9.9091,10.9955,12.1848,9.4736,9.3241,9.8718,11.4224
GTEX-14BMU-1026-SM-5RQJ5,7.6822,3.4063,9.0172,11.4064,7.762,9.643,2.3548,1.2459,,,TCGA-LN-A5U6-01,10.256,9.8858,9.4943,12.2349,7.546,10.0518,10.3354,9.6605
GTEX-13PL7-0526-SM-5J2MQ,8.2041,0,8.6562,11.7425,8.1136,9.838,3.0109,1.1222,,,TCGA-R6-A6Y0-01,9.7282,10.3403,9.239,11.5324,7.8604,9.0358,7.9831,10.0987
GTEX-YB5K-0626-SM-5LUB5,7.2765,3.9072,8.9362,11.4599,8.0613,9.7466,1.1847,1.8262,,,TCGA-VR-A8ER-01,10.1939,8.777,9.9143,12.3667,7.5813,9.6298,10.555,8.4369
GTEX-W5WG-2726-SM-4LMIC,6.665,3.4018,7.6057,11.0904,8.282,9.5158,1.7623,1.135,,,TCGA-XP-A8T6-01,9.5243,9.5296,9.2669,11.6037,6.7382,9.3834,9.5763,9.7585
GTEX-ZP4G-1126-SM-4WWCI,8.0481,3.141,8.4679,11.4808,7.4508,9.6816,2.4514,1.0822,,,TCGA-2H-A9GM-01,10.3272,9.6742,10.0042,11.8118,9.8551,9.7759,9.0645,11.2203
GTEX-12WSK-1326-SM-5CVNM,8.1056,2.2051,9.2782,11.0819,7.8606,9.592,2.8112,2.2051,,,TCGA-IG-A3YA-01,9.6164,10.7476,10.69,11.2941,8.0736,9.6355,9.8747,9.5297
GTEX-145ME-0426-SM-5S2QP,7.417,8.1656,8.3548,11.4717,7.9346,9.0193,5.6913,7.2853,,,TCGA-JY-A6FH-01,10.4688,10.8127,10.3537,11.6103,9.621,9.7958,8.5107,10.4445
GTEX-XUZC-0526-SM-4BOPF,8.1846,2.1026,8.0919,11.5771,7.8154,9.7799,0,2.1026,,,TCGA-VR-AA4D-01,10.0795,7.4246,11.0694,12.0434,10.3818,10.4216,9.4271,10.1544
GTEX-Y5LM-1226-SM-4VDT6,6.3678,3.1239,8.9734,11.8312,8.1421,9.7718,1.6803,1.0721,,,TCGA-Z6-A8JD-01,9.6198,9.9053,10.2961,12.7434,8.9398,9.3242,10.5527,9.3499
GTEX-13X6H-1526-SM-5Q5E2,6.6213,3.6998,8.1286,11.0299,6.8213,9.1609,3.0868,2.4589,,,TCGA-Z6-A9VB-01,10.5541,11.1985,10.1786,12.3319,7.763,10.4251,10.8305,10.1929
GTEX-13W3W-1826-SM-5IJDE,7.5637,2.6992,7.9234,11.4329,8.7224,9.6596,1.2471,1.9059,,,TCGA-LN-A8I0-01,10.272,9.3453,9.3623,12.6528,7.0912,9.9396,9.7536,8.4625
GTEX-ZYFC-1626-SM-5N9EU,9.1004,10.3923,9.597,11.949,9.4191,8.9761,8.3231,8.0647,,,TCGA-JY-A6FA-01,9.8989,10.2755,10.3913,11.9488,8.0113,8.9485,10.9174,8.8744
GTEX-N7MS-1225-SM-3LK5G,7.5302,6.0877,7.6337,11.4459,8.2151,8.8555,0,2.9769,,,TCGA-JY-A93D-01,8.7589,7.3637,9.7877,11.4236,9.1176,9.3543,8.7335,10.6072
GTEX-ZZPT-1426-SM-5N9C5,7.3636,8.0522,8.2835,11.6506,9.074,9.2038,6.5116,7.9999,,,TCGA-L5-A891-01,10.8958,10.4318,10.4982,12.5131,8.914,9.4915,8.5173,9.6035
GTEX-11DYG-1326-SM-5N9DO,8.9741,9.4178,9.2114,11.7287,9.2984,9.2232,8.2286,8.9566,,,TCGA-S8-A6BW-01,9.5968,9.4207,9.3851,11.8623,6.8793,9.8888,9.7742,9.0777
GTEX-QDVN-1026-SM-48TZA,7.8637,10.1031,9.2785,11.7344,8.2017,9.0737,7.4474,8.4852,,,TCGA-VR-A8EP-01,11.3073,10.3265,11.8295,12.0438,10.0846,10.6141,11.0818,9.4835
GTEX-S4Z8-0826-SM-4AD4J,8.8596,8.8496,9.8547,11.6841,7.36,9.6283,7.4586,8.0378,,,TCGA-VR-A8EU-01,9.728,9.615,10.1136,12.6371,7.6454,9.2836,9.1306,10.1849
GTEX-YEC4-1026-SM-5P9FW,8.1262,9.6574,8.9404,11.4216,8.2149,8.8445,7.0886,8.2526,,,TCGA-JY-A6FG-01,7.2336,8.2288,9.1362,11.3251,7.2975,8.8683,6.6183,7.2815
GTEX-YJ89-1526-SM-5P9IR,8.8679,10.6172,9.1395,11.8049,9.3725,9.033,7.0445,8.4624,,,TCGA-LN-A49N-01,9.1606,9.7757,9.8747,11.8804,8.2384,9.9283,10.6783,8.9985
GTEX-13FHO-1726-SM-5IFGM,7.4323,9.4127,8.5881,10.9436,8.6825,8.6372,7.4942,8.168,,,TCGA-LN-A7HY-01,10.3808,8.2245,9.9317,12.0931,8.4981,9.4758,8.6309,8.2208
GTEX-13O3P-1226-SM-5J2O8,8.0007,7.5538,9.3115,11.6701,8.4901,9.1313,5.9945,6.8358,,,TCGA-JY-A6FE-01,11.9869,8.6186,10.5503,12.8491,7.6133,8.9335,10.9991,8.4952
GTEX-PLZ5-0926-SM-3TW8L,8.5883,9.7317,9.2406,11.6537,8.5164,9.1879,8.4012,9.304,,,TCGA-LN-A49V-01,11.5042,10.6733,14.6383,11.0463,11.2737,10.0661,12.9153,11.1592
GTEX-P4QS-0626-SM-3NMD1,8.3002,10.0362,9.3955,11.5062,8.6783,9.185,8.592,9.0535,,,TCGA-LN-A4A5-01,9.569,9.4999,10.4598,11.5331,7.2869,9.7476,10.4175,9.4595
GTEX-117YW-1926-SM-5H121,8.5865,10.9631,8.7049,11.8007,8.0137,8.4893,6.3365,7.3134,,,TCGA-LN-A7HZ-01,10.403,9.091,9.619,12.8404,8.3481,9.7137,9.8,8.7346
GTEX-OIZI-1426-SM-3NB1T,7.5563,9.8305,8.9952,11.2199,8.0194,8.9585,7.8169,9.0127,,,TCGA-VR-A8EO-01,10.7343,10.4896,10.7938,12.3873,10.0991,11.1782,11.4315,9.9673
GTEX-WK11-1026-SM-4OOS8,9.8643,11.1056,9.121,12.0248,8.997,8.987,8.0497,9.4632,,,TCGA-XP-A8T8-01,10.3494,10.2599,9.6898,12.6128,6.6711,9.6875,10.634,9.8452
GTEX-1212Z-2126-SM-5FQTM,8.8436,10.1636,9.0481,11.7723,8.8309,8.8979,8.0176,8.3085,,,TCGA-IG-A4P3-01,10.0213,10.2131,11.18,13.0199,9.5213,11.0808,10.9542,10.5364
GTEX-XLM4-2326-SM-4TT2D,8.2815,8.9224,9.7174,11.9744,8.988,9.3609,7.6741,8.2907,,,TCGA-JY-A93C-01,10.3586,9.191,9.7551,11.6263,9.6588,9.4908,9.3437,10.1967
GTEX-ZYT6-1126-SM-5GZYR,8.9863,10.3522,9.1861,11.4962,8.7218,8.815,8.422,9.3258,,,TCGA-LN-A49O-01,10.3172,9.4104,9.9437,11.5085,7.7911,8.9352,11.7051,9.1005
GTEX-139T6-0626-SM-5IFF9,8.7767,10.2365,9.3386,11.4852,7.5353,8.8663,8.3356,8.3356,,,TCGA-LN-A49R-01,9.7283,9.5428,10.8711,11.8926,8.6668,9.8088,10.0638,9.2096
GTEX-148VJ-1026-SM-5LU98,9.2892,11.131,9.1913,11.9863,8.32,8.6726,6.4024,8.2087,,,TCGA-LN-A4MQ-01,10.4039,10.4104,11.2903,11.2456,8.6709,9.968,10.7569,9.3637
GTEX-S3XE-0926-SM-4AD4S,9.1624,9.6295,9.2381,11.8333,7.7487,8.902,8.205,7.6614,,,TCGA-LN-A5U7-01,10.9643,9.7733,9.9419,12.2505,7.2786,9.8579,11.6579,10.628
GTEX-ZEX8-1426-SM-4WKHQ,8.5019,9.5616,9.2232,11.6163,8.1028,8.9169,8.3209,9.9071,,,TCGA-V5-A7RE-01,10.6735,9.7815,10.4024,12.417,10.1384,9.7347,9.7843,10.683
GTEX-12696-1326-SM-5FQTJ,8.5914,10.1595,9.0293,11.4327,8.0368,8.7878,8.0391,8.7412,,,TCGA-2H-A9GH-01,9.7031,9.6382,10.0076,11.3594,8.9154,8.9483,9.0186,10.0392
GTEX-13G51-0926-SM-5IFFU,8.6735,9.8916,8.7537,11.4059,8.9337,8.504,7.6615,8.8976,,,TCGA-LN-A49L-01,12.8885,11.4998,12.2442,11.5918,8.7438,10.1811,11.4993,4.5843
GTEX-13O21-0626-SM-5IJDI,8.1105,9.6271,9.3963,11.3842,7.7678,9.0408,7.9378,8.336,,,TCGA-LN-A49X-01,10.6137,10.0082,10.4576,12.0482,8.4868,9.45,11.6311,8.9463
GTEX-144FL-2726-SM-5O98Z,9.0756,10.9522,9.824,11.7767,9.0638,8.6684,8.265,9.3392,,,TCGA-2H-A9GK-01,9.9178,8.5825,10.1107,11.902,8.9659,9.8803,8.1269,8.9359
GTEX-ZQUD-0426-SM-57WFR,8.1306,10.0541,9.0005,11.1401,8.0409,9.0071,7.5652,8.3432,,,TCGA-LN-A9FO-01,11.3751,11.4504,12.4688,14.1327,10.9968,11.6043,12.7973,11.319
GTEX-ZAB5-0926-SM-5CVMV,7.991,9.3064,9.3126,11.5046,8.7312,8.9941,7.8276,8.8921,,,TCGA-R6-A6KZ-01,10.1762,8.9355,10.8717,12.0668,9.9634,10.8312,9.5685,10.1841
GTEX-ZYW4-1326-SM-5E45N,8.5057,9.7379,9.4028,11.5857,9.051,9.2711,6.8989,7.5837,,,TCGA-IG-A97H-01,11.0821,9.3023,10.6434,10.8937,7.9225,9.8645,10.1464,9.629
GTEX-RVPV-0526-SM-47JYL,8.6063,9.8707,8.7735,11.6424,8.7298,8.6115,7.0131,8.627,,,TCGA-LN-A4A4-01,9.7531,9.7956,9.9077,11.7626,7.5482,10.4147,10.973,8.3142
GTEX-V955-1126-SM-4JBH3,8.5659,10.4661,9.2158,11.5392,7.894,8.9901,8.5201,9.5228,,,TCGA-R6-A6L4-01,9.3753,9.9044,9.3733,11.4057,7.7877,9.7676,8.8803,9.9375
GTEX-VUSG-1226-SM-4KKZF,8.3915,10.2756,9.1508,11.6929,8.6215,8.6977,8.0401,9.1319,,,TCGA-L5-A4OS-01,10.5058,10.4377,11.5142,13.2146,9.7334,10.2429,9.3624,9.8032
GTEX-ZT9X-0526-SM-5GCOP,9.1148,10.1214,9.6232,11.4709,8.1091,8.9007,8.7339,9.7506,,,TCGA-L5-A43M-01,9.3458,7.5652,10.659,11.2255,8.8232,9.2015,7.2899,7.5799
GTEX-ZZ64-0226-SM-5E44X,8.715,10.823,9.7604,11.5665,8.1123,9.1371,7.7232,8.5798,,,TCGA-L5-A8NK-01,8.586,9.9234,9.8585,11.8686,8.8225,9.5896,9.8053,8.5585
GTEX-11DZ1-2026-SM-5A5KG,8.681,9.641,9.5235,11.9551,9.4129,9.2382,8.2332,8.9965,,,TCGA-L5-A8NM-01,9.9504,10.0692,9.8137,11.0555,9.3207,9.0953,9.3217,10.2519
GTEX-139TU-1226-SM-5J2NL,8.4687,10.2879,9.1127,11.7563,8.8293,8.6048,7.6302,9.2865,,,TCGA-L5-A8NR-01,10.4671,8.7951,10.3316,11.6232,9.7468,9.6661,8.6369,9.4681
GTEX-13QJ3-1726-SM-5RQK9,7.9598,9.6046,8.6032,11.2908,8.4262,8.2723,6.6465,8.3448,,,TCGA-L5-A4OG-01,9.8078,9.5916,10.0527,12.9177,9.0439,10.1483,9.9907,8.7262
GTEX-13X6I-1026-SM-5LU4C,8.2068,8.9418,9.1555,11.7911,8.8114,9.1409,6.7132,7.6577,,,TCGA-R6-A6DQ-01,9.8875,8.9291,9.2783,12.0025,9.3195,10.312,10.4294,10.6858
GTEX-OXRL-0626-SM-3NM9C,8.1704,9.7148,9.7211,11.9965,8.3538,9.2394,7.6263,8.8597,,,TCGA-RE-A7BO-01,10.1889,8.493,9.9675,12.2029,9.5487,9.4507,7.7967,9.2772
GTEX-1314G-0826-SM-5BC6L,8.0583,8.6954,9.383,11.1655,9.1192,8.9124,7.5093,7.1222,,,TCGA-L5-A893-01,10.5368,10.826,9.8916,11.621,8.7436,9.0643,11.3891,10.2721
GTEX-14A6H-1326-SM-5NQBC,8.1811,10.8083,8.9977,11.6047,8.2194,8.7812,4.9102,7.5805,,,TCGA-L5-A4OJ-01,9.4488,9.8793,10.35,11.2327,9.07,9.5318,8.3433,10.6214
GTEX-PLZ5-0926-SM-4RGM9,8.4781,9.5339,8.9957,11.4875,8.3354,9.0474,8.047,9.1036,,,TCGA-L5-A88Z-01,9.3548,7.7669,10.2032,12.3779,8.433,9.9561,9.0239,8.8426
GTEX-11P7K-1326-SM-5BC5G,7.5228,9.5548,8.8448,11.1172,7.582,8.8507,7.3612,8.8956,,,TCGA-IC-A6RF-01,9.3067,9.0164,9.8742,12.0715,8.7161,10.0335,9.069,8.7964
GTEX-Q2AI-0626-SM-48TZU,8.9569,10.4469,9.1883,11.5449,7.5705,8.7929,8.0864,8.9136,,,TCGA-IG-A5S3-01,10.1332,9.3618,10.496,11.58,9.4679,10.6941,10.5528,9.7847
GTEX-R55D-1126-SM-48FEB,8.9842,9.8254,9.8641,12.2666,8.0858,9.1215,7.9464,8.7872,,,TCGA-L5-A4OP-01,8.8566,8.919,10.0798,12.2856,9.3631,10.4653,8.6214,8.3057
GTEX-NPJ8-1926-SM-3MJGB,8.2003,9.8991,9.863,12.0732,9.5605,9.4907,8.6048,9.3721,,,TCGA-LN-A8I1-01,9.8867,8.3611,10.6013,12.6121,8.6057,10.0678,8.0413,7.0617
GTEX-13OVG-0626-SM-5IFEP,8.6832,10.6339,9.1999,11.5205,7.6426,8.6832,8.4029,9.1747,,,TCGA-VR-AA7B-01,10.3063,9.9254,9.6258,12.4592,8.7791,10.2167,11.1158,10.418
GTEX-PVOW-1626-SM-48TC9,8.9299,10.359,8.6546,12.1413,9.5668,8.3586,7.4131,9.0967,,,TCGA-LN-A9FP-01,8.6872,7.6776,10.1066,11.1899,7.0725,9.82,9.2041,7.2241
GTEX-144GN-0626-SM-5O9B2,8.7349,10.592,9.5537,11.4522,8.1537,9.1051,8.4558,9.5835,,,TCGA-JY-A93F-01,8.8937,9.8681,9.5494,11.9237,8.8772,9.0351,8.9604,8.9625
GTEX-13W46-1926-SM-5J2MF,8.6831,10.3857,9.203,11.9903,8.9144,9.1221,7.3118,8.7029,,,TCGA-Q9-A6FU-01,9.5101,8.3253,12.3157,11.7341,6.5616,9.5311,12.5047,8.8159
GTEX-X62O-2226-SM-46MW3,8.5064,10.1406,8.9549,11.771,9.3868,8.6947,6.0202,8.4613,,,TCGA-L5-A4OW-01,11.2527,10.2045,11.265,12.1912,9.9169,10.7528,10.1128,10.895
GTEX-PLZ6-0526-SM-3P61C,8.0272,10.0478,8.5813,11.3031,7.5879,8.6561,7.1161,8.5402,,,TCGA-L5-A4OM-01,9.7184,10.4775,10.8579,12.0556,8.7407,9.9569,12.1612,10.6659
GTEX-Y5V6-1026-SM-4VBS2,8.4793,10.7888,9.0257,11.4106,8.0078,8.72,8.3933,9.5167,,,TCGA-IG-A3I8-01,10.1715,8.5463,10.3714,11.8615,9.4243,10.1455,11.2307,8.748
GTEX-U3ZH-1026-SM-4DXUZ,8.2861,10.2452,8.8264,11.2072,8.6901,8.6349,8.345,9.6746,,,TCGA-JY-A6FD-01,9.464,8.4462,9.5183,12.0974,7.7819,9.484,10.5325,9.0641
GTEX-12WSA-1426-SM-5EGJU,8.4669,9.7005,8.8007,11.618,8.6333,9.2806,7.5241,8.727,,,TCGA-VR-AA4G-01,9.521,9.972,10.4713,12.2036,6.9951,9.5213,10.6799,9.8214
GTEX-XBED-1026-SM-48TCB,7.7437,9.5667,9.0177,11.3404,7.7101,8.8148,7.8052,7.5314,,,TCGA-IG-A7DP-01,9.2251,8.9022,9.3931,11.7171,9.1806,9.1676,7.2592,9.001
GTEX-XQ8I-1526-SM-4BOOH,7.8183,9.1253,8.4193,11.378,8.4757,8.6797,6.2569,8.0692,,,TCGA-VR-A8EY-01,9.8144,9.0608,9.8971,12.0849,7.2731,10.2387,9.5535,8.819
GTEX-13OW8-2326-SM-5L3I9,8.4074,9.5567,8.8933,11.4914,8.616,8.6956,6.706,8.4074,,,TCGA-V5-A7RC-06,11.1474,9.8095,11.0343,12.8438,9.1421,10.278,9.9184,10.0052
GTEX-S4Q7-0626-SM-4AD5M,7.4265,9.1021,8.9664,11.5363,7.6477,8.6825,6.228,8.467,,,,,,,,,,,
GTEX-11DXY-1426-SM-5N9CN,7.9644,9.9601,8.8671,11.1036,8.705,7.2389,6.9473,8.5322,,,,,,,,,,,
GTEX-11NUK-1326-SM-5P9GN,9.447,10.5895,8.9831,12.0894,8.8077,8.8735,7.9987,9.2747,,,,,,,,,,,
GTEX-WVLH-1426-SM-4MVNX,8.8424,10.2422,8.517,11.6585,8.3675,8.3716,7.7984,8.517,,,,,,,,,,,
GTEX-1399R-0826-SM-5IJEL,8.4207,9.8875,8.7533,11.2807,8.1359,8.6174,7.1025,9.0544,,,,,,,,,,,
GTEX-X585-1226-SM-46MW7,7.3687,9.5217,8.3814,11.4194,9.0748,8.7826,5.3722,7.8727,,,,,,,,,,,
GTEX-12KS4-0926-SM-5BC5S,7.9211,9.6206,9.0887,11.2144,8.4838,8.5581,7.3795,8.6072,,,,,,,,,,,
GTEX-139UW-1126-SM-5IJEJ,9.0617,10.5799,9.7045,12.1356,8.8043,8.9817,8.3434,9.668,,,,,,,,,,,
GTEX-PSDG-1326-SM-48TD2,8.7461,9.9902,9.4808,11.9384,8.4892,9.1637,8.271,9.0745,,,,,,,,,,,
GTEX-YB5E-0926-SM-4WWDQ,8.679,10.2117,9.1306,11.576,7.9631,9.0558,7.6601,7.6142,,,,,,,,,,,
GTEX-OOBK-0625-SM-3LK5P,8.5021,10.1659,8.773,11.4116,7.68,8.651,7.236,8.4421,,,,,,,,,,,
GTEX-XMK1-1326-SM-4B65Q,9.23,10.9006,8.8264,11.6346,8.0815,8.7203,8.4171,9.0989,,,,,,,,,,,
GTEX-OXRN-1726-SM-3NM9B,8.4169,10.1643,9.2882,11.7187,8.6188,8.8888,7.2951,7.648,,,,,,,,,,,
GTEX-11EQ9-0726-SM-5A5K2,8.6399,10.6372,9.4935,11.5824,8.109,8.9532,8.0887,8.4253,,,,,,,,,,,
GTEX-131XE-1426-SM-5HL7V,7.1798,9.0527,8.7315,11.3647,8.5954,8.5177,7.3433,8.9177,,,,,,,,,,,
GTEX-QDVJ-0726-SM-48U1W,8.4516,9.8949,9.0217,11.7481,7.7417,8.8968,7.5592,8.933,,,,,,,,,,,
GTEX-YF7O-0926-SM-5IFIF,8.3275,10.221,9.1517,11.5742,8.1213,8.958,7.6397,8.9487,,,,,,,,,,,
GTEX-ZPU1-1426-SM-4WWFU,8.372,10.1266,8.9638,11.5159,7.9275,9.0346,8.3671,9.1013,,,,,,,,,,,
GTEX-ZVE2-1326-SM-5NQ94,8.2612,9.9103,9.4359,11.6867,8.9786,8.9329,7.6511,9.6032,,,,,,,,,,,
GTEX-OIZG-1026-SM-3LK5X,8.3753,10.2241,8.5493,11.4472,7.7692,8.6539,7.2358,8.8055,,,,,,,,,,,
GTEX-WHWD-0926-SM-4OORY,9.3509,10.1291,9.9688,12.1376,8.2626,9.0735,8.9053,9.3109,,,,,,,,,,,
GTEX-13O61-0926-SM-5IFFE,7.3172,8.5815,9.0242,11.2669,8.1262,8.9775,6.2699,7.2255,,,,,,,,,,,
GTEX-QLQ7-0926-SM-447BC,8.7504,10.176,9.2054,11.6738,7.6579,8.8532,8.1511,8.6719,,,,,,,,,,,
GTEX-1497J-2726-SM-5SI9W,9.2541,10.7001,9.7904,12.0523,8.6538,9.1598,8.5702,8.954,,,,,,,,,,,
GTEX-P4PQ-0626-SM-3NMCU,7.8805,10.0699,8.6227,11.1534,7.5825,8.6907,7.5471,8.4677,,,,,,,,,,,
GTEX-QLQW-0526-SM-4R1KS,8.2546,9.7758,8.8636,11.3443,7.7381,8.8636,7.8768,8.9329,,,,,,,,,,,
GTEX-RM2N-0726-SM-48FD5,8.516,10.4808,9.217,11.3313,7.7336,8.9758,7.9197,8.7863,,,,,,,,,,,
GTEX-S33H-0826-SM-4AD5Y,8.5954,10.6763,8.9621,11.5114,8.8805,8.7655,8.1569,9.8515,,,,,,,,,,,
GTEX-UPK5-1226-SM-4IHL8,8.9734,10.7486,9.2249,11.8653,8.5705,8.8042,7.9197,9.3641,,,,,,,,,,,
GTEX-132Q8-1826-SM-5EGIY,8.0815,9.6372,9.547,11.6251,8.8435,9.1301,6.8051,8.9892,,,,,,,,,,,
GTEX-WHSB-0426-SM-4M1XI,7.8987,10.039,9.1758,11.0568,7.9048,8.6714,7.9738,8.9196,,,,,,,,,,,
GTEX-ZAB4-1126-SM-5HL86,8.2377,9.6803,9.0173,11.4163,8.4065,8.3968,7.5377,9.4778,,,,,,,,,,,
GTEX-131XF-0826-SM-5GICG,8.937,10.356,9.4238,11.6578,7.9154,8.8423,9.1564,9.4691,,,,,,,,,,,
GTEX-XGQ4-1526-SM-4AT6H,9.3015,10.6978,9.5718,11.979,7.7204,8.7323,8.7893,9.5581,,,,,,,,,,,
GTEX-Z9EW-0526-SM-5HL8S,8.1624,10.5006,8.9438,11.4037,7.4878,8.7651,7.9872,8.6111,,,,,,,,,,,
GTEX-QEG5-1426-SM-447AS,9.0291,10.421,9.2389,11.8692,8.6275,8.7817,8.631,9.2131,,,,,,,,,,,
GTEX-132QS-1426-SM-5P9GE,9.032,10.6187,8.7853,11.8453,7.3672,8.7963,7.8376,8.2721,,,,,,,,,,,
GTEX-13FLV-1126-SM-5J2NO,7.7925,9.3064,9.7697,11.5855,8.0458,8.7144,6.689,7.5623,,,,,,,,,,,
GTEX-NFK9-1126-SM-3LK78,8.197,10.2849,8.6196,11.3099,7.6108,8.4162,7.5428,8.6391,,,,,,,,,,,
GTEX-YEC3-2526-SM-4YCDN,8.6787,10.7663,8.9797,11.4326,7.532,8.9211,8.2486,9.6373,,,,,,,,,,,
GTEX-144GO-2726-SM-5O9A2,8.3131,10.0531,9.1798,11.7189,8.8852,8.9937,7.5134,9.0288,,,,,,,,,,,
GTEX-QV31-0426-SM-447C4,7.4722,4.8158,7.9494,11.3207,7.3333,9.4325,3.4837,1.4318,,,,,,,,,,,
GTEX-WOFM-0626-SM-4OOS3,8.0982,9.236,9.9401,12.0595,7.6964,9.2418,7.6636,8.4679,,,,,,,,,,,
GTEX-1399Q-1126-SM-5P9JA,8.5089,10.0807,8.4878,11.6482,8.593,8.6813,7.2187,8.4718,,,,,,,,,,,
GTEX-13PVQ-1726-SM-5IFF3,8.6087,10.37,9.5001,12.1895,8.3789,9.1934,8.2379,9.1578,,,,,,,,,,,
GTEX-XBEW-1326-SM-4AT63,7.9869,9.9385,9.2191,11.6259,7.9437,8.7439,7.209,8.1137,,,,,,,,,,,
GTEX-13FTW-1626-SM-5KM4N,8.2678,9.9513,9.0262,11.3692,7.6008,8.6798,8.1533,8.2306,,,,,,,,,,,
GTEX-ZTX8-0226-SM-5E44D,9.305,10.3235,9.7126,11.8103,7.8243,9.0131,8.5835,9.2286,,,,,,,,,,,
GTEX-13S86-0826-SM-5SI6J,8.4409,10.562,9.238,11.7616,8.5268,9.2716,8.1408,9.2661,,,,,,,,,,,
GTEX-111CU-0726-SM-5GZYD,8.8325,10.0117,9.1128,11.4872,7.5782,9.1922,8.5772,9.0562,,,,,,,,,,,
GTEX-13FHP-1526-SM-5IJGE,8.35,9.8654,8.9117,11.7227,7.9448,8.6173,4.3657,7.2106,,,,,,,,,,,
GTEX-145MN-1026-SM-5NQ9G,7.9943,9.7449,9.7087,11.8831,8.0779,8.8461,7.227,8.7201,,,,,,,,,,,
GTEX-R55C-0826-SM-48FCL,8.2448,9.9392,9.4676,11.7443,7.8978,9.1322,6.8495,7.4049,,,,,,,,,,,
GTEX-145MO-1426-SM-5Q5BS,8.3212,10.3134,9.2141,11.5043,8.4359,8.9361,7.8221,7.9117,,,,,,,,,,,
GTEX-Y111-1626-SM-57WCY,9.3085,10.923,9.9386,11.9409,8.6762,9.2932,8.7783,8.9556,,,,,,,,,,,
GTEX-ZTSS-0626-SM-59867,7.8552,9.3525,8.709,11.4902,7.4598,8.9462,5.8738,7.9762,,,,,,,,,,,
GTEX-12WSL-1526-SM-5GCP8,9.2833,11.0727,9.384,11.5268,7.7379,8.6722,9.1161,9.8247,,,,,,,,,,,
GTEX-139YR-1726-SM-5IFFK,8.0354,9.6848,9.1707,11.289,8.5398,8.7565,7.9947,9.1299,,,,,,,,,,,
GTEX-XOTO-2126-SM-4B64U,8.2518,8.9369,9.7765,11.9652,8.3233,8.9449,6.6107,7.3855,,,,,,,,,,,
GTEX-XQ3S-1126-SM-4BOPK,8.5372,10.6557,8.8632,12.3953,8.7138,9.1152,6.2246,8.8534,,,,,,,,,,,
GTEX-12ZZW-1726-SM-5DUVD,9.0533,10.0853,9.1544,12.1186,8.834,8.9527,7.7167,8.5949,,,,,,,,,,,
GTEX-ZE9C-1126-SM-4WWBD,8.7156,10.4597,9.5648,11.8713,8.7631,8.8564,7.7355,9.3908,,,,,,,,,,,
GTEX-ZVP2-1326-SM-57WCE,8.1635,10.1551,9.6186,11.7392,7.9006,9.1512,7.486,7.3736,,,,,,,,,,,
GTEX-U8XE-1726-SM-4E3IF,5.8854,8.3128,9.2617,11.9268,8.349,8.8557,7.153,8.4981,,,,,,,,,,,
GTEX-14C38-2126-SM-5RQJO,7.6305,9.0222,9.4701,11.6684,8.8539,9.1658,6.4553,7.4601,,,,,,,,,,,
GTEX-RUSQ-0826-SM-47JWW,8.9753,10.0937,10.0383,12.1223,8.554,9.1378,9.332,9.3812,,,,,,,,,,,
GTEX-ZDYS-0826-SM-4WWCR,8.7392,10.4633,9.298,11.5186,7.8436,8.7946,8.5826,9.1157,,,,,,,,,,,
GTEX-OIZH-0626-SM-3NB1L,8.2144,10.4546,9.2663,11.3877,7.8575,8.9741,7.6456,7.8132,,,,,,,,,,,
GTEX-QV44-1126-SM-4R1KO,7.8922,10.0842,9.2253,11.1108,8.2919,8.5279,8.2166,9.2142,,,,,,,,,,,
GTEX-11TUW-1326-SM-5EQKV,7.4721,8.9413,9.2838,11.7266,7.8925,8.603,7.8524,7.5852,,,,,,,,,,,
GTEX-12C56-1226-SM-5FQSU,7.9562,10.2358,9.1653,11.399,7.8342,8.5303,7.6472,9.4439,,,,,,,,,,,
GTEX-Q2AH-0826-SM-48TZN,8.4569,10.1257,9.4274,11.8349,8.0692,9.1558,7.4777,8.5518,,,,,,,,,,,
GTEX-SNMC-0526-SM-4DM69,8.0227,10.1003,8.9678,11.5192,7.6575,8.7121,7.5322,8.5688,,,,,,,,,,,
GTEX-ZA64-0626-SM-5HL9O,8.4654,10.141,9.2491,11.5351,7.7809,9.0599,7.8411,8.9859,,,,,,,,,,,
GTEX-WFJO-0826-SM-4LVM5,8.31,10.109,9.0336,11.4703,7.4307,8.4738,8.5735,9.5473,,,,,,,,,,,
GTEX-XXEK-0326-SM-4BRVV,8.4456,9.4837,8.8798,11.1348,7.9277,8.6386,8.5009,9.1455,,,,,,,,,,,
GTEX-11LCK-1726-SM-5S2OQ,8.3127,10.1866,9.3409,11.6095,7.6413,8.6836,8.5267,8.8832,,,,,,,,,,,
GTEX-Y3I4-1226-SM-4TT8N,9.365,10.932,9.5286,11.7735,7.9311,8.8197,8.6156,9.3494,,,,,,,,,,,
GTEX-11TT1-0526-SM-5P9JO,8.4529,10.0844,9.718,11.6887,7.6,8.835,8.2336,8.4086,,,,,,,,,,,
GTEX-13O1R-1326-SM-5IJF5,8.9504,9.1932,10.0266,12.2221,8.5759,8.9217,8.4977,8.1822,,,,,,,,,,,
GTEX-WHSE-1526-SM-4M1XH,7.3958,9.1752,9.4237,11.3694,8.7665,8.6382,7.721,8.4165,,,,,,,,,,,
GTEX-ZY6K-0626-SM-59HJL,7.8119,9.7469,9.5888,12.0302,8.2284,9.3152,7.793,8.7264,,,,,,,,,,,
GTEX-117YX-1626-SM-5GZZG,7.6694,9.9191,9.0231,11.2427,7.2574,8.8286,7.0778,7.9194,,,,,,,,,,,
GTEX-13NYB-0926-SM-5IFFA,7.045,9.02,9.0617,10.9112,8.9757,7.7743,7.9356,9.0943,,,,,,,,,,,
GTEX-TKQ1-0326-SM-4DXSM,8.3785,10.4052,8.8818,11.3469,7.6588,8.9379,7.8133,8.3499,,,,,,,,,,,
GTEX-ZT9W-1326-SM-51MTB,7.8872,9.9561,8.8652,11.2008,7.7864,8.774,7.4136,8.1601,,,,,,,,,,,
GTEX-11NSD-1126-SM-5N9BQ,8.4824,10.4608,9.2146,11.5454,7.8523,8.8482,8.4772,9.5449,,,,,,,,,,,
GTEX-11ZU8-1526-SM-5EGHX,8.388,10.8914,9.0346,12.0589,8.379,8.991,6.6804,7.4974,,,,,,,,,,,
GTEX-U4B1-0826-SM-4DXTW,8.4831,10.0814,9.2661,11.572,7.9803,8.7237,7.5228,8.6158,,,,,,,,,,,
GTEX-X4XY-1726-SM-46MVO,7.442,9.892,8.9832,11.4768,7.9743,8.5757,5.3812,7.0757,,,,,,,,,,,
GTEX-Y9LG-0626-SM-4WWDH,8.5195,9.5873,9.7745,11.816,7.479,9.4834,6.9226,7.0645,,,,,,,,,,,
GTEX-T5JC-1726-SM-4DM6U,8.1124,9.4485,8.3586,10.9141,8.7269,8.5434,7.2495,9.3854,,,,,,,,,,,
GTEX-11P82-0526-SM-5986P,8.0316,9.8482,9.1147,11.2715,7.486,8.6678,7.7236,8.5546,,,,,,,,,,,
GTEX-WYJK-1926-SM-4ONDP,7.592,9.8129,8.6394,11.416,7.6653,8.8323,7.0717,8.5672,,,,,,,,,,,
GTEX-Y8E4-1726-SM-5LU9G,8.8691,10.8481,9.128,11.3714,8.3541,8.7865,8.8648,10.2624,,,,,,,,,,,
GTEX-14E6E-0726-SM-5S2R3,8.2212,10.2542,9.313,11.3686,7.432,8.7804,8.637,9.1055,,,,,,,,,,,
GTEX-U3ZM-0526-SM-4DXTB,8.2087,10.7155,9.4043,11.2706,7.8381,8.7151,7.695,8.1751,,,,,,,,,,,
GTEX-ZG7Y-1126-SM-4WWEZ,8.6668,10.4254,8.9667,11.4639,7.9546,8.7885,7.4937,9.081,,,,,,,,,,,
GTEX-QESD-0826-SM-47J4G,7.7507,9.8007,9.4419,11.7812,7.6593,8.9634,7.9586,9.4096,,,,,,,,,,,
GTEX-111YS-0926-SM-5EGGI,8.8817,10.7855,9.5284,11.4338,7.5651,8.8369,8.7753,9.1675,,,,,,,,,,,
GTEX-X3Y1-1326-SM-4PQZB,8.238,10.4822,8.8561,11.4037,7.4866,8.4113,8.0208,9.4285,,,,,,,,,,,
GTEX-R55E-1326-SM-48FCR,9.0974,11.0094,9.5147,12.114,8.7631,9.2538,8.2371,9.8862,,,,,,,,,,,
GTEX-WQUQ-1626-SM-4OOSH,9.3052,10.8582,9.2322,11.711,8.1329,8.9181,8.5671,9.359,,,,,,,,,,,
GTEX-RN64-1026-SM-48FDX,8.6973,10.4593,9.0273,11.4726,8.5927,8.7223,7.6301,9.0861,,,,,,,,,,,
GTEX-VJYA-0726-SM-4KL1T,8.2713,9.7855,9.4069,11.6999,7.9921,9.0469,7.6541,8.0585,,,,,,,,,,,
GTEX-POYW-1326-SM-48TCG,8.6488,10.1438,8.4557,11.5831,8.1409,8.5803,6.9531,8.3851,,,,,,,,,,,
GTEX-S95S-0426-SM-4B64I,8.1189,10.2641,8.8604,11.5874,7.6729,8.9772,7.0291,8.3943,,,,,,,,,,,
GTEX-T8EM-0526-SM-4DM64,8.1282,10.1813,8.7868,11.3503,7.5034,8.5786,7.0864,8.1466,,,,,,,,,,,
GTEX-YEC3-2526-SM-5CVLS,8.6391,10.7958,8.7098,11.35,7.7705,8.8952,7.5244,9.3035,,,,,,,,,,,
GTEX-T2YK-1326-SM-4DM6S,7.6267,9.4921,8.703,11.708,9.0964,8.6965,6.2101,7.8998,,,,,,,,,,,
GTEX-WFG8-1226-SM-5CHTQ,0,0,0,0,0,0,0,0,,,,,,,,,,,
GTEX-OHPL-0726-SM-3TW8U,7.1719,5.6147,9.7552,11.839,7.7958,10.0443,4.0179,4.0875,,,,,,,,,,,
GTEX-13SLX-1726-SM-5Q5E5,7.9677,9.6515,8.7054,11.3823,7.9639,8.7647,6.8011,7.2216,,,,,,,,,,,
GTEX-ZVT3-1426-SM-59HLP,8.532,8.6768,8.1899,10.8613,8.2838,8.76,6.7474,7.6174,,,,,,,,,,,
GTEX-ZP4G-1026-SM-4YCE1,7.0504,7.8844,8.9073,11.0677,7.3509,9.3455,5.7389,6.5388,,,,,,,,,,,
GTEX-P4PP-0626-SM-3NM9X,6.8239,8.3624,8.8829,11.1954,7.7631,9.0936,6.4713,6.8239,,,,,,,,,,,
GTEX-14DAQ-1426-SM-5RQJD,8.0228,9.7881,8.4321,11.1492,8.5543,8.3677,7.6096,8.4518,,,,,,,,,,,
GTEX-R45C-1226-SM-48FEE,8.8927,10.5944,9.0934,11.7849,9.1273,8.7634,7.9542,8.2932,,,,,,,,,,,
GTEX-R53T-1126-SM-48FD4,8.0778,9.8802,8.7122,11.2462,8.7116,8.8644,7.4992,8.8711,,,,,,,,,,,
GTEX-131YS-1426-SM-5IJF7,8.8684,10.417,9.0324,11.687,8.7169,8.6094,7.7844,9.5132,,,,,,,,,,,
GTEX-1399S-1326-SM-5P9GH,8.575,10.7198,9.1321,11.5507,7.3603,8.8262,7.7705,8.4512,,,,,,,,,,,
GTEX-X8HC-1426-SM-46MWC,6.0148,4.0802,8.2885,11.4303,8.9889,9.3314,2.3158,2.9319,,,,,,,,,,,
GTEX-13OVJ-1226-SM-5L3HA,7.6184,9.5199,9.1218,11.4506,8.6667,8.9475,7.2186,8.3368,,,,,,,,,,,
GTEX-1211K-0926-SM-5FQTL,8.2939,10.0677,9.3117,11.41,7.4073,8.9118,8.3599,8.5807,,,,,,,,,,,
GTEX-145LS-1826-SM-5LUAZ,8.1371,9.4218,9.141,11.477,9.2607,8.7534,7.3009,8.1942,,,,,,,,,,,
GTEX-RTLS-1126-SM-46MUQ,7.7306,9.0241,8.9101,11.0949,8.6894,8.7142,7.0877,8.2338,,,,,,,,,,,
GTEX-SE5C-1226-SM-4BRWV,7.3173,9.3263,8.7488,11.3317,7.3371,8.8791,6.6722,8.6107,,,,,,,,,,,
GTEX-XV7Q-1126-SM-4BRVS,6.9773,8.85,9.0135,11.4357,8.6494,8.6372,7.5401,9.0179,,,,,,,,,,,
GTEX-11VI4-0526-SM-5EQ48,8.1873,9.3578,8.8635,11.2327,7.5882,9.2433,7.2461,8.6625,,,,,,,,,,,
GTEX-13X6K-2126-SM-5O9D4,8.5722,10.3315,9.1457,11.2386,8.7333,8.8217,8.3681,8.6786,,,,,,,,,,,
GTEX-11DXX-1126-SM-5GZZK,8.7074,10.312,9.6264,11.832,7.8631,8.967,8.722,9.128,,,,,,,,,,,
GTEX-WEY5-0926-SM-4LMI4,7.2474,9.3999,8.4945,11.1566,7.1531,9.0829,6.4047,7.6712,,,,,,,,,,,
GTEX-13CF3-1626-SM-5IFG9,8.5084,10.118,9.557,11.7004,7.6771,9.22,8.5786,9.4487,,,,,,,,,,,
GTEX-11P81-0826-SM-5P9GR,8.2396,10.4806,9.4366,11.5967,8.0661,8.8162,8.6474,9.5866,,,,,,,,,,,
GTEX-Y5V5-1626-SM-4VDSG,8.1797,10.0929,8.8637,11.6161,8.5727,8.433,8.0437,9.2106,,,,,,,,,,,
GTEX-13D11-1926-SM-5IFGB,7.9567,10.1179,9.1158,11.2014,8.0501,8.797,7.9491,8.923,,,,,,,,,,,
GTEX-147F3-0826-SM-5NQA7,8.0153,10.3815,8.7268,11.3408,7.4036,8.9634,7.7919,8.6659,,,,,,,,,,,
GTEX-1399U-1026-SM-5J1OC,8.5966,10.3818,9.0718,11.5866,7.6383,9.1803,8.7357,8.4623,,,,,,,,,,,
GTEX-ZGAY-1126-SM-4WWBS,8.9354,10.2406,9.2662,11.7301,7.452,8.8519,8.4355,9.4689,,,,,,,,,,,
GTEX-N7MT-0326-SM-48TDP,7.6002,9.7716,8.8568,11.1902,8.6165,8.3951,6.9395,8.6222,,,,,,,,,,,
GTEX-12WSD-1826-SM-5GCOA,8.4237,9.2606,8.949,11.4661,8.4631,8.0901,7.3433,9.0673,,,,,,,,,,,
GTEX-P4QT-0626-SM-3NMCP,7.4984,9.3948,9.2594,11.5353,8.2917,9.2163,6.398,7.5158,,,,,,,,,,,
GTEX-RNOR-1226-SM-48FDQ,8.5973,10.3194,8.9528,11.5499,9.09,9.1113,8.3412,8.9528,,,,,,,,,,,
GTEX-145ME-0526-SM-5QGQV,8.1731,8.9278,9.4414,11.7108,7.8281,9.0485,7.1278,8.8006,,,,,,,,,,,
GTEX-14BIN-2726-SM-5RQIE,8.7598,10.5988,9.0365,11.6706,8.7852,8.4507,7.3378,9.2382,,,,,,,,,,,
GTEX-PLZ4-1626-SM-3P618,7.92,10.3277,8.6703,11.6774,9.12,8.5983,7.045,9.2024,,,,,,,,,,,
GTEX-OXRK-1326-SM-3NB1A,7.2448,9.5882,8.5883,11.1844,8.6982,8.9066,7.06,8.7319,,,,,,,,,,,
GTEX-WXYG-1226-SM-4ONCJ,8.3286,9.8578,9.2642,11.8017,7.7092,9.0101,8.0786,8.8499,,,,,,,,,,,
GTEX-QCQG-0626-SM-48U21,8.1404,10.4543,8.8424,11.3195,7.5009,8.9516,7.7886,8.8701,,,,,,,,,,,
GTEX-13W3W-1626-SM-5LU35,8.5949,10.427,9.3727,11.7982,8.234,9.1325,7.6825,8.5488,,,,,,,,,,,
GTEX-T2IS-0826-SM-4DM6L,8.7347,10.685,8.7764,11.4331,8.8006,8.7533,8.0921,9.5456,,,,,,,,,,,
GTEX-146FR-0426-SM-5SI97,7.9231,9.7522,9.3966,11.5404,7.3863,8.8794,8.0702,8.5838,,,,,,,,,,,
GTEX-RU72-0726-SM-46MUW,9.4726,11.2746,9.6712,11.7261,8.4036,8.8085,9.2686,10.1579,,,,,,,,,,,
GTEX-TML8-1526-SM-4DXUX,6.9202,8.9897,8.2898,11.1213,7.7633,8.5671,6.2871,8.5186,,,,,,,,,,,
GTEX-X4EO-1226-SM-4QARR,8.9259,10.0852,9.5645,11.6971,8.9899,8.7266,8.1981,8.59,,,,,,,,,,,
GTEX-S4P3-0426-SM-4AD56,7.9682,9.2248,9.9035,11.9637,7.8841,9.3532,7.4613,8.676,,,,,,,,,,,
GTEX-XMD2-1326-SM-4YCET,8.0327,10.0926,9.1817,11.4758,9.1331,9.0713,6.8696,7.2528,,,,,,,,,,,
GTEX-133LE-0626-SM-5IFFJ,8.9784,10.9426,9.7006,11.4349,8.0536,8.6935,9.305,9.9607,,,,,,,,,,,
GTEX-X4EP-1626-SM-4QAS6,7.8079,9.5213,8.9006,11.6752,8.9737,8.1657,7.0752,8.3195,,,,,,,,,,,
GTEX-ZYVF-2226-SM-5GIDD,7.7924,9.5261,9.1894,11.5485,8.9581,8.6192,7.5436,8.831,,,,,,,,,,,
GTEX-11ZTS-2626-SM-5EGIC,9.5165,10.6031,9.0148,11.8301,9.1314,8.5655,7.8754,8.8314,,,,,,,,,,,
GTEX-R3RS-1326-SM-48FE7,9.2189,10.1324,9.161,11.8386,8.7801,8.8397,7.8064,8.5241,,,,,,,,,,,
GTEX-131XG-1026-SM-5GCMX,8.4335,10.0403,8.9318,11.1607,7.4329,8.7595,7.5676,8.0198,,,,,,,,,,,
GTEX-O5YV-1026-SM-3LK72,7.584,10.1643,8.5897,11.3302,8.3688,8.3895,7.4464,8.7106,,,,,,,,,,,
GTEX-P78B-1026-SM-3NMC4,9.1976,10.3021,9.5225,12.0561,9.2147,9.1552,8.2555,9.5536,,,,,,,,,,,
GTEX-ZF29-1326-SM-4WWB6,8.0654,9.9451,9.039,11.3126,7.0456,8.9014,7.2871,7.683,,,,,,,,,,,
GTEX-ZF3C-1626-SM-4WWB4,7.7287,10.1362,9.37,11.2661,9.1844,8.8543,8.2049,9.2876,,,,,,,,,,,
GTEX-X15G-0826-SM-4PQZD,8.2316,10.199,9.1063,11.4723,8.4061,8.6027,8.1768,9.662,,,,,,,,,,,
GTEX-11GSP-1826-SM-5N9DQ,8.0732,10.2925,9.43,12.019,8.1735,9.118,6.672,7.2587,,,,,,,,,,,
GTEX-1122O-1726-SM-5GICM,7.9952,10.2391,8.8066,11.3749,7.5806,8.8056,7.0633,7.9006,,,,,,,,,,,
GTEX-12WS9-1526-SM-5FQT4,8.9981,9.6972,9.6731,12.1063,9.3662,9.153,8.3966,9.2714,,,,,,,,,,,
GTEX-13FH7-0526-SM-5IJF8,9.0096,10.3015,9.4249,11.5152,7.6012,8.9864,8.6707,8.8735,,,,,,,,,,,
GTEX-XUZC-0426-SM-4BOPE,8.3172,10.5237,9.5487,11.7644,7.9986,9.2204,6.5684,7.693,,,,,,,,,,,
GTEX-132AR-2226-SM-5J2NT,7.1665,9.7124,8.5453,11.5114,8.5386,8.6708,6.6934,8.6829,,,,,,,,,,,
GTEX-13X6H-1326-SM-5LU42,8.7627,10.5183,9.6476,11.8168,7.3529,8.8105,8.7627,9.3643,,,,,,,,,,,
GTEX-UPIC-1026-SM-4IHLT,8.8716,10.5091,8.8544,11.275,7.8304,8.68,8.0244,8.863,,,,,,,,,,,
GTEX-Y8LW-0726-SM-5IFI1,8.1414,10.3678,9.2469,11.4047,7.8371,8.9457,8.6325,9.4565,,,,,,,,,,,
GTEX-1269C-1026-SM-5N9EY,8.0686,9.9556,7.4237,11.5251,8.2865,8.1664,4.934,7.3543,,,,,,,,,,,
GTEX-T5JW-1326-SM-4DM5G,8.0236,9.1298,10.2557,12.0575,7.6229,9.4422,7.5044,8.1473,,,,,,,,,,,
GTEX-TSE9-1226-SM-4DXTM,8.783,10.0144,9.3817,11.7445,8.7259,8.8698,7.8729,9.0589,,,,,,,,,,,
GTEX-13U4I-1126-SM-5LU3S,8.0163,10.2724,9.2419,11.4722,8.6049,8.7797,8.0821,9.3137,,,,,,,,,,,
GTEX-14AS3-0626-SM-5QGQD,7.7545,9.9135,8.9931,11.3735,8.3193,8.6375,7.889,9.1179,,,,,,,,,,,
GTEX-PWCY-0726-SM-48TCS,8.1669,10.2565,8.8293,11.4264,7.4774,8.9159,7.2703,8.0093,,,,,,,,,,,
GTEX-W5WG-1626-SM-4LMKG,8.5192,10.3597,9.0248,11.2545,7.8672,8.5322,7.9524,8.8853,,,,,,,,,,,
GTEX-Q2AG-1326-SM-43V8K,7.8515,11.1458,9.6133,11.5053,9.263,8.3751,7.7617,9.2421,,,,,,,,,,,
GTEX-Y3IK-1126-SM-51MSV,7.9068,9.8924,8.852,11.0861,8.2548,8.275,8.1959,9.002,,,,,,,,,,,
GTEX-S32W-0926-SM-4AD5X,8.8416,10.5686,9.3289,11.6958,8.5591,8.7672,8.6341,9.4319,,,,,,,,,,,
GTEX-ZVT2-1326-SM-5E45H,8.4063,10.3796,8.9307,11.5318,7.4237,8.7617,7.6281,8.4964,,,,,,,,,,,
GTEX-12ZZX-1326-SM-5DUWI,7.6658,9.7758,9.6249,11.3633,8.9032,7.9604,7.9604,8.7419,,,,,,,,,,,
GTEX-XYKS-1526-SM-4BRUP,8.1352,9.658,8.9222,11.2827,8.2826,8.7338,7.4104,8.1352,,,,,,,,,,,
GTEX-YFC4-1226-SM-5LU9R,8.96,10.3889,9.3191,11.5741,8.4728,8.8798,8.3808,8.9557,,,,,,,,,,,
GTEX-ZC5H-1326-SM-5HL7E,7.7815,9.4977,9.1332,11.2053,8.6968,8.8506,7.6938,9.2367,,,,,,,,,,,
GTEX-WRHK-0526-SM-4MVOF,8.2593,9.9076,8.7893,11.1811,7.4782,8.9968,7.2465,7.5991,,,,,,,,,,,
GTEX-ZPCL-1426-SM-57WEC,8.728,9.8595,8.8422,11.8889,8.2411,8.9516,6.9392,8.4181,,,,,,,,,,,
GTEX-13QBU-1026-SM-5LU3R,8.1197,10.4107,9.4244,11.4283,7.9099,8.8945,7.5906,8.188,,,,,,,,,,,
GTEX-146FH-1726-SM-5QGQ2,8.6464,10.7541,9.0027,11.3964,8.1642,8.8214,8.3808,9.1658,,,,,,,,,,,
GTEX-14H4A-1626-SM-5SI69,7.7231,9.8296,9.6125,11.1925,7.3298,9.1155,6.689,6.7697,,,,,,,,,,,
GTEX-WYVS-0726-SM-4ONDO,8.0897,9.9125,8.7521,11.0805,8.1752,8.0987,7.4238,8.7521,,,,,,,,,,,
GTEX-PWN1-0626-SM-48TDT,8.7929,10.8018,8.8279,11.429,7.2434,8.818,7.7501,8.0996,,,,,,,,,,,
GTEX-QVUS-0626-SM-447CC,8.9412,10.5696,9.0468,11.8751,8.9633,8.6342,7.5022,8.4521,,,,,,,,,,,
GTEX-R55G-1026-SM-48FDI,7.5427,9.8836,8.9253,10.9972,7.4416,8.5273,7.4961,8.7574,,,,,,,,,,,
GTEX-S341-0526-SM-4AD5U,8.9511,10.1919,9.3542,11.7947,7.9802,8.9035,7.5186,8.5906,,,,,,,,,,,
GTEX-12WSK-1126-SM-5LZV8,8.1849,10.2162,9.2751,11.387,7.7813,8.9521,7.292,8.5628,,,,,,,,,,,
GTEX-T6MO-0526-SM-4DM6R,8.0957,9.7726,8.6173,11.178,7.7393,8.6446,7.033,8.4854,,,,,,,,,,,
GTEX-ZTPG-1626-SM-5DUX2,7.9298,10.3014,8.9578,11.587,7.8342,8.5398,7.6768,8.6023,,,,,,,,,,,
GTEX-14BMU-0926-SM-5S2QB,7.6699,9.6203,9.8523,11.7181,8.0969,8.9406,7.4848,8.2291,,,,,,,,,,,
GTEX-13PVR-1826-SM-5Q5CC,7.971,9.1276,8.3094,11.1786,6.9063,8.7056,6.9227,7.1276,,,,,,,,,,,
GTEX-ZLV1-0526-SM-4WWD4,7.3976,9.869,9.1286,11.485,7.9623,8.5841,6.3439,7.8013,,,,,,,,,,,
GTEX-13FTX-0526-SM-5IFGS,8.2122,10.1048,8.7848,11.1989,8.0715,8.8115,7.3965,8.7468,,,,,,,,,,,
GTEX-OXRP-0926-SM-48TC1,9.0001,10.5166,9.1684,11.617,9.2876,8.7368,6.7017,8.5846,,,,,,,,,,,
GTEX-11I78-1526-SM-5A5K7,8.7556,10.3462,9.3645,11.6139,7.4034,8.9873,7.9857,8.6927,,,,,,,,,,,
GTEX-ZQG8-2226-SM-5DUWD,9.3467,7.452,7.3847,11.5309,7.5712,8.5482,5.6586,8.4145,,,,,,,,,,,
GTEX-W5X1-1126-SM-5CHTH,0,0,0,0,0,0,0,0,,,,,,,,,,,
GTEX-11ZUS-0926-SM-5FQSY,7.608,3.7874,8.2313,11.3799,9.1873,9.4434,0.9893,1.5707,,,,,,,,,,,
GTEX-13FHP-1626-SM-5N9FK,7.3025,2.4889,7.5356,11.3273,9.0526,8.9895,1.7254,1.7254,,,,,,,,,,,
GTEX-YECK-1726-SM-5IFI3,7.5501,2.2338,7.8339,11.4962,8.9692,9.374,1.16,0,,,,,,,,,,,
GTEX-12ZZY-1526-SM-5LZWF,6.9398,1.1987,7.8145,11.249,9.326,9.1107,1.8443,0,,,,,,,,,,,
GTEX-13OW6-1426-SM-5L3EU,7.4336,2.858,8.0921,11.4051,8.8996,9.1109,2.0444,0,,,,,,,,,,,
GTEX-117YW-2026-SM-5N9BH,7.2368,3.6814,7.8186,11.1926,8.5216,9.0265,3.3506,1.2106,,,,,,,,,,,
GTEX-13X6J-1626-SM-5Q5CV,7.9753,4.0802,8.113,11.2024,8.9059,9.3165,3.9624,3.8342,,,,,,,,,,,
GTEX-OIZG-0926-SM-3LK5Y,7.6014,2.6705,7.9482,11.4469,8.4833,9.524,2.4521,2.1947,,,,,,,,,,,
GTEX-11ONC-1426-SM-5N9F4,7.2429,4.921,7.8623,11.2856,9.0611,8.8797,3.3675,2.6613,,,,,,,,,,,
GTEX-13OW8-2226-SM-5K7Z4,7.0697,2.6155,7.7996,10.9413,8.8354,9.2904,1.8335,0,,,,,,,,,,,
GTEX-N7MS-1126-SM-3LK5E,6.4195,0,7.9932,11.6286,8.0757,9.2606,3.1003,1.178,,,,,,,,,,,
GTEX-11DXY-1526-SM-5H129,6.444,2.9691,7.031,11.218,9.0376,8.7708,0,0,,,,,,,,,,,
GTEX-14C5O-1726-SM-5RQI9,8.4151,5.4672,8.4882,11.092,8.569,8.975,3.8383,4.0462,,,,,,,,,,,
GTEX-14BMV-1426-SM-5S2WA,8.3275,3.6605,8.4764,10.9842,9.3963,8.7249,1.9676,0,,,,,,,,,,,
GTEX-13NYB-0826-SM-5MR4V,8.7572,2.6108,7.5797,11.0781,8.6925,8.9623,1.1873,1.8296,,,,,,,,,,,
GTEX-ZYFC-1726-SM-5GZYX,8.6123,2.0393,8.1966,11.1226,9.2471,9.0744,2.0393,2.8522,,,,,,,,,,,
GTEX-11GS4-1426-SM-5N9D2,7.3679,3.8513,8.6038,11.3088,8.3977,9.0358,1.3176,0,,,,,,,,,,,
GTEX-11OF3-2226-SM-5986F,6.7137,4.423,8.4027,11.2824,8.9592,9.2989,0,1.4352,,,,,,,,,,,
GTEX-11DYG-1426-SM-5A5JR,7.4085,1.8635,8.4701,11.153,8.5563,9.3388,1.8635,1.2138,,,,,,,,,,,
GTEX-T6MN-1526-SM-4DM5P,7.5572,1.281,7.0814,11.4072,9.1078,8.9702,1.281,1.281,,,,,,,,,,,
GTEX-P4PQ-0726-SM-3NMCR,7.5178,1.7648,8.7166,11.1997,7.609,9.8104,2.3211,2.0696,,,,,,,,,,,
GTEX-13G51-1026-SM-5K7YQ,8.2332,3.5577,7.851,11.2642,9.3731,8.9595,2.6753,0,,,,,,,,,,,
GTEX-RWSA-1326-SM-47JX9,8.6927,3.8395,8.6503,11.2146,8.3277,9.6162,2.3204,0,,,,,,,,,,,
GTEX-14753-1926-SM-5NQAA,7.7823,4.1188,8.6894,11.2137,8.893,9.4769,2.594,0,,,,,,,,,,,
GTEX-WZTO-1526-SM-4PQYQ,7.3599,3.7484,8.2708,11.3343,9.3915,8.9113,4.4069,1.3533,,,,,,,,,,,
GTEX-13YAN-2026-SM-5Q5EY,8.1679,4.0621,8.6062,11.4629,9.3363,9.8584,0.9866,1.5671,,,,,,,,,,,
GTEX-PLZ5-0826-SM-3P5ZW,8.5949,3.2664,8.9508,11.8653,8.1456,9.8976,3.5818,2.2985,,,,,,,,,,,
GTEX-ZYT6-1226-SM-5E44Q,7.5241,2.2437,7.7907,11.3912,8.6194,9.3357,2.8533,1.1669,,,,,,,,,,,
GTEX-11NUK-1426-SM-5HL68,8.1309,4.4986,7.492,11.4021,9.0197,9.232,0,2.0308,,,,,,,,,,,
GTEX-13FLV-1226-SM-5IJBZ,7.309,3.386,8.9117,10.8103,8.1,9.0553,2.0536,1.365,,,,,,,,,,,
GTEX-139YR-1626-SM-5IJGK,7.0733,6.3822,9.0406,11.5391,7.8991,9.2231,4.9612,5.592,,,,,,,,,,,
GTEX-XQ3S-1226-SM-4BOPP,7.7751,3.4142,8.0017,11.6451,9.1074,9.0747,1.9108,2.3618,,,,,,,,,,,
GTEX-PLZ5-0826-SM-4E3JR,8.1794,1.963,8.9701,11.653,8.2698,9.857,3.4144,0.9754,,,,,,,,,,,
GTEX-13O1R-1526-SM-5J1O7,6.6352,2.8536,9.4196,11.7346,8.5964,9.7109,1.8037,0,,,,,,,,,,,
GTEX-VUSG-1126-SM-4KKZQ,7.6913,2.2243,8.1857,11.6944,9.0918,9.4739,3.5872,0,,,,,,,,,,,
GTEX-ZYW4-1426-SM-5SIAX,7.9524,3.5373,8.8493,11.1283,9.1798,9.3452,1.8689,1.218,,,,,,,,,,,
GTEX-1212Z-2026-SM-5N9EA,8.125,2.6903,8.1474,11.6986,8.715,9.0838,2.4232,1.6698,,,,,,,,,,,
GTEX-145MO-1526-SM-5QGQC,7.5089,3.0538,8.3521,11.1894,8.0723,9.1253,2.4282,1.2991,,,,,,,,,,,
GTEX-T5JC-1826-SM-4DM6E,8.1658,0,8.371,10.9898,9.4196,8.6821,0,0,,,,,,,,,,,
GTEX-TKQ2-1226-SM-4DXSV,6.4084,2.5524,7.347,11.194,8.3493,9.4472,2.2171,1.7795,,,,,,,,,,,
GTEX-Y111-1726-SM-4SOIQ,7.7004,2.9818,7.9381,11.4091,9.3847,9.2775,2.3617,2.3617,,,,,,,,,,,
GTEX-V1D1-1126-SM-4JBHT,7.5073,2.0876,8.5289,11.6089,8.9523,9.7672,2.907,1.663,,,,,,,,,,,
GTEX-12KS4-1026-SM-5FQTD,8.1846,7.7291,8.9328,11.5448,8.3707,9.1648,4.8822,6.7584,,,,,,,,,,,
GTEX-WHWD-1026-SM-4OORZ,7.4683,5.0969,8.7412,11.6637,8.4715,9.3325,3.9183,3.5604,,,,,,,,,,,
GTEX-NPJ8-2026-SM-3TW91,6.7674,4.3604,8.4042,12.2575,9.5487,9.7221,3.7112,1.5166,,,,,,,,,,,
GTEX-145MH-1226-SM-5RQJT,7.9989,3.1964,7.9425,11.2783,8.482,9.1355,1.3969,1.3969,,,,,,,,,,,
GTEX-O5YT-0726-SM-3MJHA,7.1886,5.6989,9.3489,11.4935,7.5723,9.791,3.1635,4.2711,,,,,,,,,,,
GTEX-WHPG-1226-SM-4M1ZI,6.2114,2.4292,7.6214,10.7764,8.0192,9.32,2.7757,1.9723,,,,,,,,,,,
GTEX-11UD2-1226-SM-5EQMI,7.6654,3.2809,9.5664,11.537,8.7111,9.4675,1.2947,1.2947,,,,,,,,,,,
GTEX-OHPJ-1326-SM-3MJHG,7.6511,2.2338,8.6069,11.6195,7.9757,10.0021,1.9175,0.9455,,,,,,,,,,,
GTEX-QEG5-1326-SM-4R1JS,7.0669,2.6366,8.592,11.5365,8.9567,9.2748,2.2969,1.2046,,,,,,,,,,,
GTEX-REY6-1426-SM-48FDK,6.7451,2.9183,8.7787,11.8073,8.6991,9.2691,2.6433,0,,,,,,,,,,,
GTEX-13PVQ-1826-SM-5L3GU,8.1306,2.5397,9.653,11.7046,8.7344,9.6175,2.5397,0,,,,,,,,,,,
GTEX-OXRL-0726-SM-3NM9A,7.3977,2.5681,8.2293,11.4263,8.2435,9.8883,2.0999,0.8653,,,,,,,,,,,
GTEX-PLZ6-0626-SM-3P61B,7.4113,2.0611,7.4727,11.3335,8.1086,9.5618,1.6394,2.387,,,,,,,,,,,
GTEX-YJ8A-1226-SM-5IFHH,7.254,1.0429,9.176,11.5208,8.024,10.1399,2.064,0,,,,,,,,,,,
GTEX-1399R-0726-SM-5KM2A,7.6438,1.8217,8.5208,11.2036,8.126,9.4895,3.4776,6.8932,,,,,,,,,,,
GTEX-12696-1426-SM-5EGJ6,8.8817,3.0204,8.2616,11.5059,8.4929,9.5795,1.128,1.128,,,,,,,,,,,
GTEX-11NSD-1226-SM-5986Q,6.2532,2.2714,7.716,11.4625,8.269,9.3021,1.8286,1.1864,,,,,,,,,,,
GTEX-U8XE-1826-SM-4E3HV,6.0242,2.514,9.4104,11.8872,8.6747,9.9246,3.0941,0,,,,,,,,,,,
GTEX-ZTTD-1426-SM-4YCEX,9.0234,3.6413,8.8232,12.0353,8.6497,9.9225,2.4071,0,,,,,,,,,,,
GTEX-OIZI-1326-SM-3NB1B,6.364,2.9087,8.947,11.2609,8.0188,10.1084,1.6644,2.0891,,,,,,,,,,,
GTEX-11LCK-1626-SM-5PNYB,6.9588,2.5112,8.4801,11.682,8.4155,9.5295,0,1.1211,,,,,,,,,,,
GTEX-13O3P-1326-SM-5K7Y8,7.3697,2.9726,9.2955,11.6875,9.1559,9.5167,1.2448,2.3532,,,,,,,,,,,
GTEX-Y3I4-1026-SM-4TT2C,7.4511,6.4974,9.0765,11.6019,7.9574,9.504,4.9586,5.8437,,,,,,,,,,,
GTEX-ZDYS-0926-SM-4WWCS,7.1335,4.2144,8.4872,11.2442,7.217,9.5834,2.9234,2.4305,,,,,,,,,,,
GTEX-OOBK-0726-SM-3LK5Q,7.3909,2.9912,8.7614,11.7196,7.9385,9.9197,2.3139,1.5783,,,,,,,,,,,
GTEX-ZY6K-0526-SM-5GZY9,7.1294,1.9399,7.4782,11.6205,8.9654,9.638,1.9399,1.9399,,,,,,,,,,,
GTEX-139TU-1326-SM-5LZXW,7.5393,2.0208,8.4113,11.5409,8.7222,9.0991,3.1119,0,,,,,,,,,,,
GTEX-131XE-1226-SM-5EGKF,7.0136,1.2237,7.7639,11.7792,9.1767,9.5121,1.2237,0,,,,,,,,,,,
GTEX-13QJ3-1826-SM-5S2PT,7.3158,3.5304,8.0395,11.4227,9.28,9.2266,2.6501,2.1757,,,,,,,,,,,
GTEX-OHPM-0726-SM-3LK7A,7.3543,0.8993,8.1838,11.2575,7.3301,9.838,2.1571,0,,,,,,,,,,,
GTEX-PSDG-1426-SM-48TD1,8.2161,3.3419,8.835,11.4344,8.0204,9.5855,1.2051,2.2977,,,,,,,,,,,
GTEX-WFJO-0726-SM-4LVM8,7.0595,3.1955,8.23,11.4087,7.4839,9.7095,0.9312,1.4924,,,,,,,,,,,
GTEX-PLZ6-0626-SM-5K7WJ,7.3222,0,7.7521,11.2279,8.2346,9.6513,1.6683,1.063,,,,,,,,,,,
GTEX-S4Q7-0526-SM-4AD5N,5.8615,3.8743,9.2342,11.902,7.7939,9.6596,1.801,0,,,,,,,,,,,
GTEX-11P82-0626-SM-5PNYK,7.8652,3.416,8.7112,11.6049,8.0855,9.5277,1.053,2.8971,,,,,,,,,,,
GTEX-ZLFU-1026-SM-5EQMZ,7.8004,5.5377,9.0253,11.2829,7.6135,9.7626,3.704,4.4848,,,,,,,,,,,
GTEX-U4B1-0926-SM-4DXUV,6.9332,1.178,8.236,11.1209,7.7883,9.7454,2.8705,1.178,,,,,,,,,,,
GTEX-YEC3-1926-SM-4WWF5,7.2409,2.2862,8.5627,11.3663,7.6909,9.4597,0,0,,,,,,,,,,,
GTEX-YEC3-1926-SM-5IFIT,6.6934,3.1513,8.2191,11.3833,7.8696,9.4665,0,1.8592,,,,,,,,,,,
GTEX-R55D-1226-SM-48FE9,8.334,1.2961,8.6274,11.3527,8.1334,9.6778,1.2961,1.9676,,,,,,,,,,,
GTEX-ZT9W-1226-SM-57WE4,7.8032,1.1057,8.5256,11.1878,7.619,9.8586,1.1057,0,,,,,,,,,,,
GTEX-QXCU-1126-SM-48FE5,8.3273,5.7919,9.0442,11.7348,8.4454,9.5778,0,1.3529,,,,,,,,,,,
GTEX-ZZ64-0326-SM-5E45S,7.4805,4.8473,8.8978,11.416,7.4774,9.6568,3.0441,3.9539,,,,,,,,,,,
GTEX-13FTW-1526-SM-5LZXC,7.8849,4.5302,8.5824,11.2811,6.9983,9.7305,3.3367,2.9073,,,,,,,,,,,
GTEX-RM2N-0626-SM-48FD6,7.8997,3.0561,8.8131,11.2265,8.2536,9.7596,0,0,,,,,,,,,,,
GTEX-YF7O-0826-SM-4W21F,6.2256,3.7169,8.0777,11.4028,8.2301,9.7323,1.5206,0,,,,,,,,,,,
GTEX-QDVN-1126-SM-48TZ7,7.6439,5.9237,9.224,11.817,8.3996,9.9143,2.579,5.5165,,,,,,,,,,,
GTEX-12BJ1-1426-SM-5BC5Q,7.2827,6.1356,9.9127,11.358,7.3815,9.792,3.7416,4.6866,,,,,,,,,,,
GTEX-148VJ-1126-SM-5NQBZ,9.9049,3.7328,9.6218,11.2483,8.8978,9.4652,1.9,1.9,,,,,,,,,,,
GTEX-WFG8-1026-SM-4LVMZ,6.7997,4.6241,8.8692,11.4724,7.7614,9.6322,3.1516,4.6241,,,,,,,,,,,
GTEX-Y5V6-1126-SM-4VDTD,7.4494,2.5495,8.066,11.2201,8.3261,9.6298,1.9681,1.9681,,,,,,,,,,,
GTEX-13111-0926-SM-5DUVQ,7.0439,1.4333,7.619,11.3346,7.7768,9.5177,1.4333,0,,,,,,,,,,,
GTEX-14E6C-0926-SM-5S2V9,8.2039,3.4576,9.506,11.4326,9.0205,9.1907,1.946,0,,,,,,,,,,,
GTEX-13O21-0826-SM-5J2NU,8.0568,2.3692,8.3549,11.2803,7.9498,9.6645,2.7127,1.9175,,,,,,,,,,,
GTEX-U3ZH-1126-SM-4DXUG,7.9715,2.1767,8.2719,11.3075,8.7622,9.2151,2.6512,2.1767,,,,,,,,,,,
GTEX-XXEK-0426-SM-4BRVW,7.6034,2.639,8.435,11.6519,8.9009,9.7868,2.2991,0,,,,,,,,,,,
GTEX-ZQUD-0326-SM-4YCEN,7.4823,2.325,8.5156,11.1423,7.8533,9.6193,1.8773,1.2246,,,,,,,,,,,
GTEX-QV44-1026-SM-447CG,7.4723,1.2377,7.537,11.5211,8.5113,9.2223,1.2377,1.2377,,,,,,,,,,,
GTEX-ZPU1-1326-SM-57WE1,6.5704,4.6592,9.114,11.5744,7.5801,9.6861,3.4739,3.9218,,,,,,,,,,,
GTEX-WHSE-1626-SM-4M1XL,7.1431,2.7757,9.5639,11.2516,9.3976,9.5942,1.2998,1.9723,,,,,,,,,,,
GTEX-S95S-0326-SM-4B66U,7.3981,3.8208,8.957,11.5561,7.7281,10.1107,2.3335,2.0109,,,,,,,,,,,
GTEX-VJYA-0626-SM-4KL1S,8.4722,2.7567,7.9826,11.5895,7.7709,9.7657,3.2686,1.2866,,,,,,,,,,,
GTEX-11TUW-1226-SM-5GU7C,7.5387,4.2482,9.5201,11.4728,8.5485,9.2389,1.3987,1.3987,,,,,,,,,,,
GTEX-13S86-0726-SM-5Q5DH,6.4512,2.0582,8.3806,11.8567,8.5665,9.8595,2.3839,0,,,,,,,,,,,
GTEX-TKQ1-0426-SM-4DXT4,8.9789,1.7108,8.9427,11.4591,7.6937,9.8545,0,1.7108,,,,,,,,,,,
GTEX-QDVJ-0826-SM-48U1S,6.8184,4.4721,9.124,11.9235,7.7703,9.8211,1.7463,3.3813,,,,,,,,,,,
GTEX-QMRM-0926-SM-447BR,7.5948,4.3385,7.4436,11.5318,8.021,9.5741,2.0721,2.0721,,,,,,,,,,,
GTEX-111YS-1026-SM-5GZYE,7.228,3.2652,8.3699,11.1972,7.6115,9.8746,2.2302,1.1575,,,,,,,,,,,
GTEX-14B4R-0426-SM-5Q5EI,7.8572,2.2902,8.544,11.4194,7.8296,9.719,2.2902,0,,,,,,,,,,,
GTEX-QLQW-0626-SM-447A6,7.5768,3.6741,8.8021,11.5251,8.0344,9.6304,1.4226,0,,,,,,,,,,,
GTEX-Z9EW-0626-SM-5HL95,7.5201,3.3974,7.7566,11.3047,7.3168,9.4871,1.8972,2.6892,,,,,,,,,,,
GTEX-R55C-0726-SM-48FCN,8.0902,5.1344,8.4801,11.3739,8.5262,9.6449,2.7938,3.6859,,,,,,,,,,,
GTEX-WOFM-0526-SM-4OOS2,6.5197,5.2078,8.9287,11.0952,7.5998,9.3743,3.8776,4.31,,,,,,,,,,,
GTEX-ZTSS-0726-SM-51MSN,7.7535,2.0142,8.3895,11.4341,7.942,10.1274,1.0095,1.0095,,,,,,,,,,,
GTEX-11EQ9-0826-SM-5986Y,7.6172,3.5045,8.1248,11.3079,7.7363,9.7686,2.2872,2.6263,,,,,,,,,,,
GTEX-QLQ7-1026-SM-447BB,7.1421,5.5633,8.8177,11.7767,7.6079,9.4957,2.3806,4.0381,,,,,,,,,,,
GTEX-V955-1026-SM-4JBHO,7.126,5.7364,8.7456,11.6528,8.5224,9.4422,2.5524,3.2503,,,,,,,,,,,
GTEX-ZAB5-1026-SM-5HL91,6.8048,1.2645,8.3127,11.4369,8.4992,9.4443,2.3806,2.7247,,,,,,,,,,,
GTEX-WY7C-1326-SM-4ONCX,7.0139,4.157,8.4754,11.1388,7.5974,9.4096,1.8443,3.1329,,,,,,,,,,,
GTEX-131XF-0926-SM-5BC69,6.3558,2.7264,8.3819,11.1645,7.7721,9.8852,3.1482,1.6992,,,,,,,,,,,
GTEX-145LV-1426-SM-5Q5BV,7.6618,3.1795,8.2417,11.3119,7.9219,9.8632,2.7564,1.1053,,,,,,,,,,,
GTEX-QESD-0726-SM-4R1KQ,7.2281,1.4825,9.2804,11.587,8.0208,10.1582,0,0,,,,,,,,,,,
GTEX-XPVG-1326-SM-4B65P,7.3354,3.5983,8.6386,11.6887,8.8903,9.7468,1.16,0,,,,,,,,,,,
GTEX-YFCO-0526-SM-4W1ZJ,7.6713,2.3954,8.2377,11.5235,7.9766,10.1243,1.4354,2.3954,,,,,,,,,,,
GTEX-12C56-1126-SM-5FQTO,7.3544,4.67,8.7854,11.2916,7.8505,9.7878,3.8532,3.9703,,,,,,,,,,,
GTEX-SNMC-0426-SM-4DM5Y,6.721,2.551,8.3245,11.4627,7.9821,9.4032,2.551,1.7783,,,,,,,,,,,
GTEX-QEL4-1526-SM-447AB,8.7684,2.5096,7.5365,11.7668,9.3504,9.3869,2.5096,0,,,,,,,,,,,
GTEX-SNOS-0726-SM-4DM5Z,6.734,4.3166,8.9015,11.4921,7.674,9.4172,2.3379,2.6798,,,,,,,,,,,
GTEX-YEC4-1126-SM-5CVLW,7.2296,2.3097,8.995,11.2575,8.0196,9.8681,0,1.8633,,,,,,,,,,,
GTEX-13OVG-0926-SM-5J2OJ,6.7203,4.009,8.5737,11.4549,7.7983,9.5085,2.2555,1.1753,,,,,,,,,,,
GTEX-XBEW-1426-SM-4AT4J,7.5621,2.8305,8.5288,11.5298,8.2319,9.6147,1.3382,0,,,,,,,,,,,
GTEX-ZDTT-1226-SM-4WKG9,7.2815,5.2426,8.4682,11.1231,7.0677,9.6405,3.5486,5.2872,,,,,,,,,,,
GTEX-RUSQ-0926-SM-47JWU,7.1598,3.0499,9.3556,11.6986,8.5916,9.601,1.777,1.777,,,,,,,,,,,
GTEX-S3XE-0826-SM-4AD4U,6.9235,3.3169,9.1211,11.9253,7.7278,9.8852,2.2756,2.2756,,,,,,,,,,,
GTEX-ZTX8-0326-SM-59HLA,7.5743,6.3178,9.8635,11.7005,7.7115,9.8191,4.6457,5.3117,,,,,,,,,,,
GTEX-XBED-0926-SM-48TCE,6.6374,1.7924,9.0076,11.406,7.4774,9.7789,2.5674,0,,,,,,,,,,,
GTEX-XQ8I-1626-SM-4BOOI,7.3626,2.9533,8.2821,11.4153,8.9203,9.2954,2.9533,2.1285,,,,,,,,,,,
GTEX-11P7K-1226-SM-5HL4X,7.2108,1.2403,7.7657,11.0318,7.4377,9.5182,3.1976,0,,,,,,,,,,,
GTEX-P4QS-0726-SM-3NMCZ,8.2422,4.2511,8.9432,11.4173,7.9807,9.6927,2.5657,3.6417,,,,,,,,,,,
GTEX-NFK9-1226-SM-3LK79,8.5987,1.1893,8.0762,11.1678,7.3659,9.5777,1.8322,2.2754,,,,,,,,,,,
GTEX-SIU7-1326-SM-4BRWW,7.5007,4.0855,8.5702,11.7361,8.0732,9.7306,1.2943,3.6576,,,,,,,,,,,
GTEX-WH7G-1026-SM-4LVML,8.2152,2.4803,8.6364,11.3592,7.8719,9.744,2.4803,1.3373,,,,,,,,,,,
GTEX-WHSB-0526-SM-4M1XM,7.6465,2.0669,8.6882,10.9905,7.631,9.417,2.5322,0,,,,,,,,,,,
GTEX-111CU-0626-SM-5EGHL,7.1866,2.9798,8.5162,11.2775,7.3519,9.7001,1.909,1.2496,,,,,,,,,,,
GTEX-11WQK-1826-SM-5EQM2,5.5105,1.8269,10.122,12.1301,8.5157,9.8841,2.6077,2.8815,,,,,,,,,,,
GTEX-139T6-0726-SM-5PNVK,8.0393,3.2162,8.5979,11.1819,7.4031,9.8965,1.4107,1.4107,,,,,,,,,,,
GTEX-X3Y1-1226-SM-4PQZ8,7.913,3.5656,8.9376,11.2609,7.9228,9.7999,1.3496,0,,,,,,,,,,,
GTEX-ZG7Y-1326-SM-4WWBL,6.6803,0,8.2077,11.6271,8.3331,9.877,2.5886,0,,,,,,,,,,,
GTEX-145LT-1226-SM-5Q5BZ,6.1257,3.7699,8.9319,11.1956,7.5882,9.5967,1.2658,1.9295,,,,,,,,,,,
GTEX-ZA64-0526-SM-5HL9I,7.5059,1.9692,8.8137,11.3141,7.71,9.8051,2.4258,2.4258,,,,,,,,,,,
GTEX-WFON-0926-SM-4LVMK,7.2222,2.4579,7.9982,11.3675,8.1752,9.4617,1.3208,0,,,,,,,,,,,
GTEX-YB5E-0826-SM-4VDRZ,7.2048,2.5568,7.644,10.9788,7.6453,9.5914,1.1512,1.7832,,,,,,,,,,,
GTEX-ZVZP-1426-SM-5NQ7R,7.2965,4.9163,8.019,11.5914,7.4729,9.9881,0,2.4275,,,,,,,,,,,
GTEX-12WSL-1326-SM-5LZVW,8.2645,6.2167,9.4953,11.8377,8.044,9.5586,3.018,4.5537,,,,,,,,,,,
GTEX-WFG7-1026-SM-4LMK8,7.7501,2.1204,8.6051,11.3781,8.0575,10.059,2.45,2.45,,,,,,,,,,,
GTEX-QV31-0526-SM-447C3,7.936,9.9386,9.0829,11.355,7.2669,8.345,7.6499,8.6688,,,,,,,,,,,
GTEX-ZGAY-1226-SM-4YCF4,6.8452,5.2166,8.7105,11.6953,7.8514,9.4872,3.6735,3.7723,,,,,,,,,,,
GTEX-11GSP-1726-SM-5A5LI,6.4139,4.3137,8.7614,11.3556,8.8696,9.2994,1.2944,0,,,,,,,,,,,
GTEX-RNOR-1326-SM-48FDE,7.3752,3.7755,7.4234,11.3041,9.1412,9.0044,0,0,,,,,,,,,,,
GTEX-Y3IK-1226-SM-4WWEK,8.1309,4.5134,8.8764,11.2391,8.4133,9.1749,3.8869,2.9812,,,,,,,,,,,
GTEX-Q734-0826-SM-48U1G,7.5087,5.4798,8.3142,11.3611,9.2424,9.1573,4.7782,4.6321,,,,,,,,,,,
GTEX-ZYY3-1626-SM-5EGJF,7.8138,5.3157,8.2905,11.5548,9.2038,9.1346,2.4542,2.4542,,,,,,,,,,,
GTEX-T2IS-0926-SM-4DM5B,7.7057,2.2227,7.5073,11.2515,9.2113,9.2591,1.1522,1.1522,,,,,,,,,,,
GTEX-N7MT-0226-SM-48TC3,6.7875,4.1104,8.5346,11.3237,9.2163,9.0595,1.985,1.3099,,,,,,,,,,,
GTEX-139D8-1426-SM-5IJEX,6.9104,2.6292,8.1455,11.6736,9.0575,9.1154,3.217,1.0267,,,,,,,,,,,
GTEX-RU72-0826-SM-46MUS,7.7436,1.3052,7.7827,11.3648,8.721,9.286,2.7834,2.4365,,,,,,,,,,,
GTEX-POMQ-0626-SM-3P61E,7.5528,2.7281,7.5354,11.4368,8.2974,9.4871,2.1294,2.9543,,,,,,,,,,,
GTEX-QDT8-1326-SM-48TYY,7.209,2.3138,8.4479,10.9004,8.2631,8.9775,1.867,2.3138,,,,,,,,,,,
GTEX-R53T-1026-SM-48FCO,6.6026,3.3537,8.0896,11.4502,8.7833,9.4351,2.6485,0,,,,,,,,,,,
GTEX-PX3G-0726-SM-48TZT,7.1374,2.8673,8.1706,11.3494,8.0649,9.4922,2.2564,1.1759,,,,,,,,,,,
GTEX-ZYVF-2326-SM-5E44Z,7.7207,1.801,8.1759,11.5039,9.5511,9.4157,2.5775,0,,,,,,,,,,,
GTEX-RTLS-1226-SM-46MUP,7.4983,3.901,7.8946,11.1254,9.2368,8.8087,2.7171,1.2594,,,,,,,,,,,
GTEX-ZF2S-1126-SM-4WKHH,6.9736,4.6538,8.4177,11.1554,8.0706,9.3042,3.7785,3.11,,,,,,,,,,,
GTEX-P78B-1126-SM-3P615,7.3861,2.31,8.1093,11.6118,8.625,9.5359,3.1567,0.9926,,,,,,,,,,,
GTEX-13PL7-0326-SM-5IJEK,7.4133,3.9014,9.0924,11.5278,7.9349,9.6755,2.8944,2.4033,,,,,,,,,,,
GTEX-P4PP-0726-SM-3NM9S,7.0842,2.6753,8.2798,11.2898,7.5843,9.894,3.0328,0.9245,,,,,,,,,,,
GTEX-SE5C-1326-SM-4BRUH,6.989,2.5138,8.2797,11.4522,7.9456,9.7185,1.7466,1.1229,,,,,,,,,,,
GTEX-146FH-1626-SM-5NQ9H,8.2113,3.988,8.6946,11.9659,8.4584,9.7387,4.0754,0.9936,,,,,,,,,,,
GTEX-146FR-0526-SM-5Q5EX,7.3449,1.5765,8.5187,11.2894,8.0681,9.9845,1.9905,1.5765,,,,,,,,,,,
GTEX-QCQG-0726-SM-48U1Z,6.2581,3.2606,9.1442,11.8142,7.8694,9.8852,3.4983,1.4419,,,,,,,,,,,
GTEX-UPIC-0626-SM-4IHK2,7.7368,4.4039,8.1944,11.2327,8.0513,9.6849,2.0651,2.0651,,,,,,,,,,,
GTEX-113JC-0926-SM-5H114,8.0395,3.5913,9.5618,11.4829,9.3633,9.7078,2.5203,0,,,,,,,,,,,
GTEX-X15G-0926-SM-4PQZE,7.4708,2.3422,8.3152,11.7226,8.131,9.4546,1.8929,1.8929,,,,,,,,,,,
GTEX-13OVJ-1326-SM-5K7Z9,7.202,3.226,8.3154,11.117,8.2705,9.3493,0,1.2587,,,,,,,,,,,
GTEX-XV7Q-1026-SM-4BRVR,6.6158,4.2294,8.276,11.3577,8.8155,9.6017,2.5199,3.5428,,,,,,,,,,,
GTEX-ZLWG-1226-SM-4WWFS,7.3625,6.0856,8.5611,11.4885,7.6531,9.7849,3.6032,5.7624,,,,,,,,,,,
GTEX-13U4I-1226-SM-5LU5M,7.0365,2.5423,8.4346,11.1362,8.462,9.3851,2.2075,1.7708,,,,,,,,,,,
GTEX-S4P3-0526-SM-4AD58,7.702,1.9119,8.0264,11.439,8.1068,9.7839,3.2156,0,,,,,,,,,,,
GTEX-133LE-0726-SM-5P9IZ,6.9996,5.3531,8.5246,11.2837,7.9737,9.3781,3.5227,4.0652,,,,,,,,,,,
GTEX-W5WG-1526-SM-4LMIG,7.2334,2.9067,8.384,11.3351,8.1018,9.8293,2.9067,1.7812,,,,,,,,,,,
GTEX-11VI4-0626-SM-5EQLO,7.9149,1.9057,8.5116,11.2809,7.2758,9.873,2.3562,2.3562,,,,,,,,,,,
GTEX-13QBU-0926-SM-5K7WQ,7.3379,1.1614,8.277,11.0512,7.9109,9.6014,1.1614,2.2358,,,,,,,,,,,
GTEX-132AR-2326-SM-5IJDY,6.2805,2.0104,8.1013,12.0188,9.1968,9.8348,3.4721,0,,,,,,,,,,,
GTEX-ZYWO-0926-SM-5E43J,7.6693,2.0469,8.5338,11.4701,8.3741,9.8271,1.0315,1.6268,,,,,,,,,,,
GTEX-13FH7-0726-SM-5J2NK,6.3449,4.5303,9.1547,11.4706,7.6892,9.6329,3.3658,4.0113,,,,,,,,,,,
GTEX-U3ZN-1826-SM-4DXUY,7.6224,4.1272,8.5315,11.1803,8.0075,9.24,2.1026,0,,,,,,,,,,,
GTEX-ZLV1-0626-SM-4WWF6,7.1299,3.416,9.1315,11.3993,7.9565,9.6246,2.5452,2.2103,,,,,,,,,,,
GTEX-UJHI-0926-SM-4IHKF,7.5745,1.2008,7.032,11.5624,8.2236,9.4763,2.2916,0,,,,,,,,,,,
GTEX-WXYG-1126-SM-4ONCH,6.15,2.3112,7.9696,11.1803,7.1385,9.5329,3.158,3.6881,,,,,,,,,,,
GTEX-ZP4G-0926-SM-4WWF4,7.5556,1.1322,8.5099,11.579,7.5985,9.9234,1.7586,1.1322,,,,,,,,,,,
GTEX-S341-0426-SM-4AD5L,7.5059,2.1099,8.0022,11.3579,7.5527,9.7258,2.579,1.4106,,,,,,,,,,,
GTEX-11P81-0926-SM-59874,6.3637,2.9772,7.7652,11.127,8.5033,9.307,2.7504,1.1015,,,,,,,,,,,
GTEX-TML8-1426-SM-4DXUT,7.2121,3.6684,8.0059,10.9986,8.2236,9.2522,2.5899,3.6684,,,,,,,,,,,
GTEX-145ME-0626-SM-5O99Q,7.7717,3.9174,9.5256,11.6483,8.0296,9.9168,1.7448,2.5118,,,,,,,,,,,
GTEX-13113-1026-SM-5LZWM,8.898,3.662,8.6414,11.7661,9.1052,10.1825,3.1329,2.7717,,,,,,,,,,,
GTEX-XUW1-1526-SM-4BOOY,8.8771,1.8111,8.7186,11.2104,7.6626,9.6554,3.2901,2.2521,,,,,,,,,,,
GTEX-ZPIC-1626-SM-57WEB,6.6097,2.7704,8.4623,11.1884,8.0009,9.6928,1.1141,1.1141,,,,,,,,,,,
GTEX-13W3W-1726-SM-5LU4A,7.9442,4.0085,7.5482,11.3365,7.995,9.7602,2.8658,1.8138,,,,,,,,,,,
GTEX-ZF29-1226-SM-4WKH1,6.9654,2.3596,8.0449,11.081,7.322,9.6804,2.3596,1.2494,,,,,,,,,,,
GTEX-ZZPU-1826-SM-5E43L,7.3446,4.8315,8.5703,11.2556,7.834,9.9575,3.5836,2.9247,,,,,,,,,,,
GTEX-OHPL-0626-SM-3MJGJ,8.847,10.6572,9.5273,11.6955,8.114,9.2323,8.045,8.6993,,,,,,,,,,,
GTEX-PWCY-0826-SM-48TCR,6.5266,2.5153,7.5554,11.0809,7.8668,9.6377,1.3631,2.0513,,,,,,,,,,,
GTEX-11ZTT-0926-SM-5EQMS,7.2383,3.7773,8.7332,11.2692,7.8839,9.5155,1.8246,2.267,,,,,,,,,,,
GTEX-R55G-0926-SM-48FDN,8.3087,2.7212,8.1755,11.3907,8.1478,9.7641,1.2622,0,,,,,,,,,,,
GTEX-XYKS-1126-SM-4BRWP,6.7359,2.6876,7.3114,11.4979,8.9363,9.8515,2.4206,2.0927,,,,,,,,,,,
GTEX-WRHK-0426-SM-4MVOG,5.981,3.3867,7.9793,11.1407,7.4314,9.5072,2.3375,3.562,,,,,,,,,,,
GTEX-RWS6-0726-SM-47JXI,7.7355,2.9236,9.0551,11.5185,7.8467,9.8179,2.9236,1.2126,,,,,,,,,,,
GTEX-S7SF-1026-SM-4AD4I,8.4222,2.6992,8.6365,11.2875,8.3858,9.6643,4.0099,1.9059,,,,,,,,,,,
GTEX-TMMY-1226-SM-4DXT6,8.458,2.4432,8.1477,11.4353,7.9542,9.6544,2.4432,1.9852,,,,,,,,,,,
GTEX-ZVT2-1226-SM-5GU5H,7.4864,5.3087,8.6887,11.0078,7.2328,9.6039,3.5112,4.4465,,,,,,,,,,,
GTEX-14AS3-0726-SM-5S2NY,6.3475,0,7.2139,11.04,8.2479,9.2341,2.6695,0,,,,,,,,,,,
GTEX-1399S-1226-SM-5J1O6,7.8699,6.82,9.0937,11.6221,8.0792,9.4736,3.9596,4.8578,,,,,,,,,,,
GTEX-131XG-0926-SM-5LZW5,7.5567,2.2021,10.5523,11.9382,7.3886,10.1353,2.8078,6.2139,,,,,,,,,,,
GTEX-XUJ4-0926-SM-4BOPA,6.6876,2.63,8.3422,11.4043,7.564,9.297,2.1571,1.449,,,,,,,,,,,
GTEX-ZXES-1226-SM-5NQ8G,7.5248,4.1083,8.8877,10.8431,7.6839,9.4135,2.4413,2.7883,,,,,,,,,,,
GTEX-11I78-1426-SM-5PNVY,7.7329,1.2813,8.0612,11.1861,7.3484,10.0434,3.7945,2.4038,,,,,,,,,,,
GTEX-PWOO-1026-SM-48TCN,7.8455,6.6015,9.5225,11.6973,8.5912,9.7247,4.404,5.046,,,,,,,,,,,
GTEX-12WSJ-0726-SM-5GCN6,6.5885,2.964,8.3851,11.2286,7.5382,9.5407,2.3453,1.8957,,,,,,,,,,,
GTEX-1211K-1026-SM-5EQ4B,6.9513,1.799,9.2404,11.5557,7.4308,9.8968,1.1634,0,,,,,,,,,,,
GTEX-11DXX-1026-SM-5H11E,8.3223,5.9636,8.8741,11.4926,7.4479,10.1919,2.1008,4.2129,,,,,,,,,,,
GTEX-PWN1-0726-SM-48TDR,7.5035,4.4164,8.5887,11.3432,7.1837,9.5893,2.6842,2.9606,,,,,,,,,,,
GTEX-T5JW-1426-SM-4DM5Q,7.6672,1.174,8.6592,11.5269,7.8096,9.8159,0,1.174,,,,,,,,,,,
GTEX-WEY5-1026-SM-4LMK9,6.4772,1.9417,8.2395,11.3163,7.2673,9.5828,1.2755,1.2755,,,,,,,,,,,
GTEX-Y5LM-1126-SM-4VDT5,5.7256,3.2109,7.7688,11.112,7.7539,9.4929,1.7484,2.1826,,,,,,,,,,,
GTEX-RU1J-0426-SM-46MUK,7.3431,3.6587,7.9465,11.2434,7.4799,9.536,1.295,1.9662,,,,,,,,,,,
GTEX-ZPCL-1226-SM-4WWFF,7.2318,3.0922,8.3652,11.6167,7.6191,9.8758,2.2522,1.1729,,,,,,,,,,,
GTEX-T6MO-0626-SM-4DM6P,8.4318,2.0412,8.7253,11.0614,7.6061,9.6463,1.355,2.0412,,,,,,,,,,,
GTEX-S32W-1026-SM-4AD5W,6.2036,1.9044,8.669,11.5226,8.8136,9.6448,2.6976,2.3548,,,,,,,,,,,
GTEX-Y8LW-0626-SM-4VDS8,5.7247,2.3647,9.3153,11.7239,8.1497,9.602,2.3647,1.6207,,,,,,,,,,,
GTEX-ZTPG-1526-SM-51MTF,5.9594,3.332,7.9218,11.5713,9.1505,9.4257,1.0934,1.0934,,,,,,,,,,,
GTEX-13X6H-1426-SM-5SI91,6.1952,3.2163,7.9918,11.0373,6.8681,9.3264,1.7526,0,,,,,,,,,,,
GTEX-TSE9-1326-SM-5CHR5,0,0,0,0,0,0,0,0,,,,,,,,,,,
GTEX-W5X1-1026-SM-5CHSO,0,0,0,0,0,0,0,0,,,,,,,,,,,
