,E2F1-h,E2F2-h,E2F3-h,E2F4-h,E2F5-h,E2F6-h,E2F7-h,E2F8-h,,,,,E2F1-s,E2F2-s,E2F3-s,E2F4-s,E2F5-s,E2F6-s,E2F7-s,E2F8-s
GTEX-S4UY-1026-SM-4AD53,7.2726,8.1985,8.3342,11.4457,7.9187,9.4318,6.4587,6.6162,,,,TCGA-29-2414-02,10.5008,7.9874,10.6901,11.4034,9.2782,9.4817,8.6883,8.5356
GTEX-P78B-1926-SM-3P616,7.0459,3.1659,7.2446,11.2814,9.2524,9.5262,3.7447,1.8712,,,,TCGA-13-1489-02,10.8656,8.1752,9.1243,11.282,10.5997,9.6747,7.259,8.9088
GTEX-P4PP-2426-SM-3P61L,7.9053,2.4606,7.6956,11.3612,8.8258,9.6781,2.4606,1.8886,,,,TCGA-23-1023-01,10.68549258,8.262199901,10.49830458,11.1269486,10.82861499,9.348327523,5.835390087,8.91531418
GTEX-12WSB-2226-SM-5GCOS,7.6343,0,5.4656,11.1132,10.0063,9.0658,3.2181,0,,,,TCGA-29-1770-02,11.2823,9.3437,10.71,12.23,10.1738,9.4016,7.5725,8.597
GTEX-XYKS-1726-SM-4E3IO,7.8659,3.8441,6.8465,12.0243,9.3,9.9248,2.3536,1.6114,,,,TCGA-13-0913-02,9.4405,7.3228,8.0562,11.6698,8.868,9.5551,5.2692,7.8643
GTEX-11DXX-1426-SM-5GIDU,8.2632,5.3865,8.2911,11.5814,8.5076,9.8212,5.0628,3.407,,,,TCGA-29-1705-02,10.7717,8.0427,8.7031,10.7954,7.9123,8.7424,6.6001,8.0277
GTEX-131YS-2226-SM-5P9G8,7.9599,1.0752,6.027,11.3707,10.1733,9.2009,2.934,0,,,,TCGA-29-1707-02,9.722,8.8368,10.3566,12.7797,9.9179,9.9105,8.6011,9.6484
GTEX-13QIC-1526-SM-5IJFL,7.8957,1.1165,6.3711,11.0023,9.939,9.3429,1.1165,0,,,,TCGA-61-2008-02,11.1753,9.3993,10.0063,11.3842,10.3049,8.9449,9.2876,9.9054
GTEX-ZP4G-0626-SM-4WWF1,8.1594,2.1304,6.0266,11.6571,8.809,9.8453,2.4606,0,,,,TCGA-04-1365-01,11.4745,10.0455,10.6884,11.0307,10.4671,10.258,9.3244,9.9154
GTEX-YJ8O-1026-SM-5CVM5,7.8198,4.2963,6.6944,11.0773,9.6145,9.4983,5.121,2.7714,,,,TCGA-24-2033-01,10.6803,9.7258,10.7179,11.1659,10.5965,9.1038,7.4839,9.8098
GTEX-P4QT-2426-SM-3NMCL,8.8096,1.8758,7.6009,11.7162,9.1976,10.0262,1.8758,0,,,,TCGA-04-1341-01,11.7086,8.8196,9.5973,11.1888,9.6487,9.5406,7.6885,8.8714
GTEX-ZYFG-1726-SM-5GZZB,7.78,3.3157,7.2478,11.002,8.8343,9.3967,3.3157,1.1887,,,,TCGA-29-1702-01,11.4095,9.2327,10.4565,11.5437,10.58,10.4719,7.891,8.1028
GTEX-13VXT-1526-SM-5LU3J,7.533,4.4089,7.4685,11.8656,9.5892,9.5421,3.7165,2.3359,,,,TCGA-23-1116-01,10.8831,7.9766,9.6773,11.5983,10.703,9.1762,7.5815,8.8084
GTEX-ZC5H-2026-SM-5CVN2,6.8972,3.1648,7.064,11.2253,9.7274,8.9835,4.191,1.2191,,,,TCGA-36-1575-01,10.2703,9.5688,11.2777,10.9842,10.2985,11.5791,8.009,8.8068
GTEX-PWN1-2426-SM-48TDD,8.9274,4.2818,7.2272,11.8397,8.7398,9.9286,3.4383,2.838,,,,TCGA-24-1422-01,9.8765,7.8497,10.4985,11.0664,9.9508,9.3175,7.402,8.2879
GTEX-X15G-1726-SM-4PQZN,7.866,4.3764,6.3815,11.3355,9.0132,9.1022,3.8257,3.2075,,,,TCGA-29-1774-01,10.7509,8.0966,9.9527,12.838,10.8173,10.7379,8.0468,8.2801
GTEX-13O3O-2726-SM-5KM35,8.3302,0,6.5564,11.6894,9.7763,9.3505,1.5966,0,,,,TCGA-36-1580-01,9.3521,7.3058,10.4141,11.5537,10.0712,9.6047,6.0976,6.9394
GTEX-Y3IK-2026-SM-4YCDG,7.5717,1.6556,6.5793,11.1559,9.0799,9.5964,1.0533,1.0533,,,,TCGA-04-1347-01,11.0018,8.2748,10.2189,11.7318,9.2988,10.8541,7.3879,8.1737
GTEX-WWYW-2726-SM-4MVOP,5.8955,1.8108,5.3326,10.6299,10.516,8.6189,3.3501,2.9428,,,,TCGA-13-1411-01,9.8072,9.2984,10.7492,11.5474,10.9617,9.2291,7.0995,8.4911
GTEX-PLZ4-2826-SM-3P617,8.1173,1.6194,6.2987,11.3123,9.8459,9.2982,1.6194,2.0387,,,,TCGA-25-1877-01,10.5063,7.9145,11.105,12.0043,11.7527,11.3765,8.0694,8.3684
GTEX-WXYG-1426-SM-4ONCK,7.8006,2.7603,7.9085,11.511,8.1943,9.8333,3.7416,2.9261,,,,TCGA-25-2393-01,10.848,10.2302,11.2409,12.5421,10.272,11.2353,8.1737,8.6701
GTEX-1269C-1826-SM-5N9E1,7.2326,0.9138,6.3787,11.0588,9.8465,9.3082,2.4383,0,,,,TCGA-61-2012-01,11.6203,9.781,9.8798,10.8717,9.8872,9.6948,8.1808,9.0848
GTEX-OHPK-2426-SM-3MJGH,8.5952,1.4346,7.0365,11.6109,8.7892,9.8737,0,0,,,,TCGA-09-0364-01,11.292,10.4223,11.3574,12.8314,12.3761,10.7626,8.6609,9.8624
GTEX-11VI4-1026-SM-5EQM1,7.7624,3.1438,6.8897,11.2821,8.1898,9.5857,3.1438,1.6958,,,,TCGA-10-0938-01,12.0793,9.3975,9.4738,11.1896,10.7839,9.8939,10.2597,11.0136
GTEX-Y114-1726-SM-4TT7U,8.032,3.9282,8.6833,11.5206,8.222,9.8057,4.88,3.02,,,,TCGA-24-1849-01,10.9062,9.6543,9.7283,12.1511,9.1174,8.8919,8.683,7.851
GTEX-11ZTS-1926-SM-5CVLA,6.9409,1.174,7.957,10.8642,9.2851,9.2233,1.174,1.174,,,,TCGA-25-2399-01,10.2832,9.0709,10.6486,11.577,10.9332,10.0699,8.4709,9.2906
GTEX-WEY5-0626-SM-4LMIA,6.7973,3.364,9.0045,11.7573,7.7607,9.7642,1.8703,2.9336,,,,TCGA-29-1761-01,11.082,8.3346,9.7701,11.4439,9.2966,10.415,7.3715,9.2702
GTEX-13N11-0526-SM-5IJFI,7.0173,2.103,7.6973,10.7374,8.7425,9.3198,2.9244,0,,,,TCGA-04-1517-01,10.9755,8.966,10.0544,11.5477,9.6268,9.1372,8.2879,9.0583
GTEX-13W3W-1526-SM-5LU5I,7.9155,1.8255,7.6121,11.0432,8.3728,9.4262,2.6061,2.268,,,,TCGA-09-1674-01,11.6354,10.5099,11.2369,11.5021,11.2064,11.3023,9.7097,9.8314
GTEX-YFC4-2726-SM-5IFJW,7.0083,1.7893,7.1144,11.009,10.0528,9.1648,2.8362,1.1559,,,,TCGA-24-2026-01,12.0186,9.6036,10.6918,10.9393,9.2835,10.314,7.7574,9.5907
GTEX-WYBS-2426-SM-4ONDI,8.4176,1.1108,5.8243,10.9892,10.1884,9.0805,2.1631,0,,,,TCGA-04-1331-01,11.495,8.7197,10.9932,11.2554,9.843,9.9711,10.0923,9.4995
GTEX-1399S-2126-SM-5J2MH,7.1954,4.8032,8.9441,11.5232,8.0768,9.5928,4.0834,4.4553,,,,TCGA-04-1337-01,10.4066,7.8893,9.6682,12.143,9.6286,9.0066,8.0385,8.2081
GTEX-13D11-1126-SM-5KLYS,7.5913,4.3549,8.0904,11.454,8.6576,9.3992,3.4847,2.7138,,,,TCGA-04-1338-01,9.4134,8.4476,9.8387,11.0743,11.0277,9.5931,7.03,8.1337
GTEX-POMQ-1426-SM-3P61D,7.5595,3.6927,7.4293,11.4603,9.3684,9.6069,4.7565,1.0598,,,,TCGA-13-0888-01,11.2438,8.4546,10.1009,10.7259,10.0007,10.3334,7.1352,7.7934
GTEX-12WSG-1426-SM-5FQUK,8.006,0,7.0266,11.364,9.1593,9.9355,3.5585,2.676,,,,TCGA-20-0991-01,10.7351,9.4412,9.8073,11.9439,11.2506,8.9165,5.76,7.8014
GTEX-T5JW-0426-SM-4DM7M,8.5489,3.1479,7.1815,11.7487,9.2158,9.9367,3.5216,1.8565,,,,TCGA-24-0966-01,9.7436,10.0702,9.0703,11.8875,10.219,8.8716,8.95,8.7167
GTEX-12WSK-1926-SM-5LZVK,7.902,0,6.4489,10.9565,9.057,9.4718,3.7587,0,,,,TCGA-59-2352-01,9.3868,8.1502,10.4741,10.2269,9.6789,10.1372,7.151,7.6948
GTEX-XMD3-2326-SM-4AT5H,6.9948,0,5.6121,11.2869,9.8441,9.4504,1.1561,0,,,,TCGA-OY-A56Q-01,9.6815,7.795,11.3376,12.3212,10.9373,10.5808,7.0899,8.3134
GTEX-13QBU-1526-SM-5LU3W,7.9312,1.1718,7.8474,11.0291,8.9684,9.0729,2.5878,2.2507,,,,TCGA-09-2044-01,11.5843,9.8334,10.1002,11.4999,9.7827,9.3089,7.0547,9.4728
GTEX-WYVS-1526-SM-4OND4,6.2694,2.8768,7.6547,11.0237,9.2234,9.4776,3.7751,1.823,,,,TCGA-10-0933-01,11.6623,9.2851,10.8958,11.5943,9.8351,10.7475,9.6443,9.7813
GTEX-Q734-0726-SM-48TZP,6.5936,2.5308,7.6128,11.2866,9.5201,9.3993,3.6946,1.7611,,,,TCGA-13-1507-01,10.9237,8.7731,9.2874,10.2103,10.2273,9.5897,6.8589,8.87
GTEX-11ZVC-1426-SM-5EGGA,7.1357,1.2202,5.927,10.9345,9.5253,9.0586,2.6597,1.2202,,,,TCGA-24-0982-01,11.1913,9.3452,10.8732,11.6519,10.7328,9.6842,7.6511,9.8572
GTEX-12WSJ-1226-SM-5LU91,7.905,3.0938,7.1339,11.8889,9.2152,9.766,2.591,2.2536,,,,TCGA-24-1552-01,9.9119,9.6666,10.0465,10.9206,9.8823,10.1631,7.3065,9.7975
GTEX-ZZPU-2126-SM-5EGIU,7.9862,3.6568,7.4646,11.051,8.8406,9.3948,3.2794,1.2937,,,,TCGA-24-1928-01,11.72,9.5416,10.6371,11.9691,9.3608,9.9916,8.4105,10.1523
GTEX-RU72-2226-SM-46MUE,8.0928,0,6.8713,11.2046,9.3496,9.4532,3.2028,2.5084,,,,TCGA-29-1778-01,10.5084,8.7274,10.7692,12.0126,10.3955,9.7962,7.1586,8.446
GTEX-XV7Q-1426-SM-4BRWA,6.6655,3.5917,7.1672,11.238,9.5942,9.5358,3.0064,1.5899,,,,TCGA-13-1481-01,11.3006,8.2199,10.4329,11.2417,10.1793,9.6537,8.333,8.5878
GTEX-146FH-2526-SM-5Q5BP,7.5554,1.179,6.6744,11.6567,10.05,9.8565,2.2608,0,,,,TCGA-24-2261-01,11.217,10.7849,10.7704,11.1964,8.8738,10.0036,9.5042,10.8228
GTEX-UJHI-1226-SM-4IHLR,8.5061,0,5.8943,11.6905,9.5207,9.6961,2.4292,1.2998,,,,TCGA-25-1329-01,11.4284,9.8152,9.7487,10.8127,10.7557,9.605,8.4174,8.8923
GTEX-139D8-2426-SM-5KM3A,7.8436,0,4.8025,11.5684,10.0832,8.7926,1.9962,1.3189,,,,TCGA-25-2400-01,11.6021,8.7602,10.6938,11.7105,9.758,9.9962,7.5181,9.8374
GTEX-11GSP-0226-SM-5A5KV,7.3023,1.8801,8.5247,11.1623,9.4859,9.0273,2.6695,0,,,,TCGA-31-1950-01,11.3552,10.391,10.1651,11.4466,9.6932,9.8682,8.4953,9.7128
GTEX-11EMC-1726-SM-5H11P,8.1415,0,5.1964,10.9598,9.7872,9.2401,2.6517,1.2147,,,,TCGA-36-1576-01,11.1729,9.6723,9.8974,11.2987,10.8679,9.5451,8.4248,9.7362
GTEX-13PL7-2326-SM-5L3FY,8.4784,1.7266,7.2061,10.9018,8.908,9.5053,2.1584,0,,,,TCGA-61-1741-01,12.138,10.275,10.7641,11.8176,10.6963,9.9507,9.3068,9.9192
GTEX-ZVT3-2626-SM-5GU5L,7.0889,0,7.0737,10.9562,9.5632,9.0619,1.2765,0,,,,TCGA-09-1661-01,9.1049,6.088,10.0333,10.5165,9.6054,10.1168,5.217,5.661
GTEX-11ZTT-1826-SM-5CVLN,8.746,5.2745,7.9475,11.4366,8.3619,9.3695,3.5308,4.467,,,,TCGA-20-1686-01,10.2375,7.6161,10.3623,10.8826,9.0896,10.2387,8.5939,8.3143
GTEX-145ME-1226-SM-5SIB6,8.4261,1.6134,6.7425,11.6288,9.1789,9.7219,2.356,1.0214,,,,TCGA-25-1634-01,10.8827,7.316,10.7291,11.8408,11.0096,10.2122,6.1329,7.8458
GTEX-ZLWG-0926-SM-4WWC3,8.5887,4.5648,8.469,11.4756,8.2181,10.1652,3.3692,3.8413,,,,TCGA-25-2392-01,9.8771,8.3469,10.0775,11.8647,11.1789,9.4125,7.4717,8.1085
GTEX-RTLS-2326-SM-46MUH,8.5721,2.973,5.9377,10.8293,9.8886,9.3636,0,0,,,,TCGA-29-2414-01,10.0243,7.1931,10.1963,10.8532,8.7683,9.2633,7.7905,7.6454
GTEX-RWS6-1026-SM-47JXD,8.8137,0,6.994,11.1751,8.2028,9.4948,2.0572,1.3679,,,,TCGA-13-0923-01,10.8331,8.7658,9.7443,11.8065,10.1584,9.5329,7.0612,8.6113
GTEX-11XUK-1626-SM-5GU5O,8.3688,1.2717,7.1106,10.6909,8.3514,9.8461,4.0495,1.2717,,,,TCGA-13-1487-01,10.5578,8.1178,10.5688,11.2419,9.4949,9.342,7.8251,8.965
GTEX-13FTX-0926-SM-5IFF7,8.7512,3.3604,7.7272,11.3469,8.9534,10.4699,4.2884,2.4944,,,,TCGA-24-1565-01,8.0697,6.535,9.3835,11.0604,9.4308,9.6334,7.6128,7.4914
GTEX-T2IS-2026-SM-4DM6W,7.0835,2.6427,6.8844,11.157,9.6562,9.2685,3.7267,1.4586,,,,TCGA-24-2280-01,10.4481,8.6861,11.3755,11.6124,9.7044,9.559,7.9004,8.0608
GTEX-13U4I-2126-SM-5LU55,7.0846,1.9979,7.0525,11.145,9.3597,9.3494,4.1266,0,,,,TCGA-25-1324-01,12.014,10.1429,10.4191,12.7502,11.1182,10.7723,9.3119,8.9725
GTEX-T6MO-1126-SM-4DM5D,8.3874,3.1376,8.1225,11.4977,9.155,9.5579,2.5059,3.1376,,,,TCGA-29-1766-01,9.9235,7.5921,9.3929,11.0727,10.2767,10.0833,7.2218,8.3398
GTEX-QVJO-3126-SM-4R1KC,7.5037,1.296,6.147,11.2776,9.2832,9.114,1.296,1.9675,,,,TCGA-30-1861-01,11.6376,8.7627,10.2163,10.6056,10.7594,8.5064,7.406,7.5886
GTEX-WI4N-2526-SM-4OOSE,6.067,3.2936,7.6691,11.1517,10.2635,8.6991,5.5616,2.1051,,,,TCGA-61-2102-01,10.4336,9.0668,10.6396,11.1667,10.5726,10.4272,9.9888,8.7574
GTEX-X4EO-2426-SM-4QASD,7.601,2.2048,8.1968,11.0339,9.1204,8.979,1.4881,0,,,,TCGA-09-1665-01,11.213,8.7189,9.8881,11.4392,9.7781,9.2743,7.6617,8.3684
GTEX-W5WG-0926-SM-4RTX9,7.9557,1.3589,7.2105,11.208,9.1836,9.4098,2.5096,0,,,,TCGA-13-0768-01,9.5847,8.9187,9.4663,11.8118,9.0559,9.3044,6.7721,7.7719
GTEX-X8HC-2726-SM-46MUA,7.3014,0,6.0624,11.2302,9.8305,9.1307,2.0478,0,,,,TCGA-13-0804-01,10.3616,9.5356,9.6536,11.2018,9.2133,9.1356,7.7029,8.7496
GTEX-ZYWO-1926-SM-5E456,7.5384,0,6.4646,10.9199,9.0691,9.389,2.2786,1.1916,,,,TCGA-13-0891-01,11.2825,9.4447,10.0608,11.4883,8.4892,8.4393,7.247,9.4347
GTEX-11I78-1926-SM-59878,8.9626,2.3773,7.1943,11.6099,8.3353,10.3086,2.7212,1.2622,,,,TCGA-13-1409-01,9.7229,6.6569,10.3859,11.9634,10.9662,9.9545,6.8326,6.9462
GTEX-U3ZN-1026-SM-4DXTC,7.429,1.7783,7.2097,10.8383,9.1087,9.2492,3.0514,0,,,,TCGA-13-1498-01,10.2355,8.7128,10.7566,10.8474,10.1689,9.7713,6.8967,8.7758
GTEX-PWCY-1326-SM-48TCU,8.8846,6.1827,7.8601,11.2285,8.4207,9.9992,5.6077,5.0154,,,,TCGA-23-1032-01,11.3655,9.6413,9.096,12.3808,9.502,9.8897,8.131,8.6141
GTEX-TSE9-2226-SM-4DXUR,7.6472,1.8857,5.946,10.9646,9.9252,9.56,1.8857,0,,,,TCGA-24-1558-01,11.2588,9.8047,11.3288,11.831,10.8825,9.5411,9.1393,9.931
GTEX-TML8-0926-SM-4DXSJ,7.429,5.0264,8.4601,11.0349,8.8132,9.647,4.7288,3.4223,,,,TCGA-25-1319-01,10.1684,9.4726,10.2504,11.1643,9.9886,10.0236,7.8874,9.4384
GTEX-13OVJ-2426-SM-5KM3I,7.3371,4.7133,6.9446,11.1429,9.6571,8.841,1.2191,1.8703,,,,TCGA-25-1627-01,11.0989,9.071,12.0401,11.4,9.3434,9.5169,7.5258,8.6616
GTEX-133LE-1226-SM-5IFGC,8.0319,6.1064,9.0987,11.555,9.1939,9.7807,5.9567,4.9484,,,,TCGA-25-1630-01,10.1576,9.509,10.2876,11.1757,9.2473,8.3835,8.3681,8.6604
GTEX-13PVR-1226-SM-5RQJ2,8.27,1.3987,8.4697,11.337,8.3804,9.4763,4.4775,2.9158,,,,TCGA-25-1631-01,9.9943,8.1069,10.565,11.7714,9.4939,10.2499,7.2357,8.084
GTEX-1117F-2226-SM-5N9CH,6.3842,3.8832,7.4681,10.5457,10.4159,8.5083,1.9073,1.9073,,,,TCGA-04-1343-01,11.1496,8.9954,9.6447,11.3002,10.2391,9.0992,6.6809,7.8844
GTEX-OHPL-2426-SM-48TDN,8.5343,4.7825,7.818,12.2418,8.7031,9.4797,2.0427,3.373,,,,TCGA-09-2053-01,11.2226,8.8075,10.6816,11.5035,9.6841,9.3949,8.5843,8.4702
GTEX-S341-0726-SM-4AD5R,8.5229,2.5349,7.3042,11.3648,8.9885,9.5819,3.6991,1.7645,,,,TCGA-13-0724-01,10.3391,8.6367,10.2825,10.8936,9.3428,9.7408,7.0458,8.7263
GTEX-PWOO-1726-SM-48TDC,7.2265,6.4064,9.2193,11.6928,8.8379,9.3618,3.9229,4.8746,,,,TCGA-24-1850-01,11.4094,8.2922,9.8248,11.9061,10.0549,10.497,8.1456,9.366
GTEX-QCQG-1426-SM-48U22,7.2835,4.1859,7.4732,11.5334,8.0881,9.8313,2.5087,2.0452,,,,TCGA-24-2024-01,9.5653,7.5752,10.3866,11.008,9.3438,9.7717,7.4552,8.8172
GTEX-S32W-1226-SM-4AD67,8.0939,0,6.1384,11.3394,9.679,9.7199,1.9175,1.2563,,,,TCGA-25-1323-01,11.215,9.5066,10.6283,11.8897,10.9318,10.248,8.1949,8.9771
GTEX-14AS3-1326-SM-5RQJE,7.1876,1.3176,5.6077,10.8639,9.1782,9.2874,2.8012,0,,,,TCGA-29-1693-01,9.6036,8.5499,10.0695,10.9608,10.7005,9.6443,6.509,7.858
GTEX-RU1J-0826-SM-46MUU,8.6534,2.9864,6.8401,11.5148,8.5571,9.8949,5.8868,2.366,,,,TCGA-WR-A838-01,10.3841,9.8553,11.0901,11.4226,10.4104,10.8466,8.8677,9.003
GTEX-XUZC-1026-SM-4BOPY,8.111,0,7.4476,11.9827,8.2054,9.6784,2.5303,1.3743,,,,TCGA-10-0928-01,11.0109,9.2548,10.6479,11.3955,10.3236,9.0424,9.6429,8.5913
GTEX-ZV6S-1426-SM-59HKX,7.0199,4.0354,9.1062,11.4594,7.6588,8.9879,3.2324,4.0354,,,,TCGA-13-0727-01,11.8866,9.3694,8.9687,11.7255,9.8484,8.9384,7.5015,9.2387
GTEX-13OVI-0726-SM-5L3DD,7.6549,2.7862,6.7437,11.1589,8.2128,9.5932,0,1.9815,,,,TCGA-13-0730-01,11.4263,8.9029,9.5125,11.9241,10.467,10.8982,8.242,8.5591
,,,,,,,,,,,,TCGA-24-1469-01,12.0477,9.9026,10.8426,11.2047,10.295,10.2831,9.7767,10.3906
,,,,,,,,,,,,TCGA-24-1544-01,11.2233,8.1553,9.4009,11.7274,11.7357,10.0339,7.2055,8.0354
,,,,,,,,,,,,TCGA-25-1623-01,11.2098,9.4136,10.1421,11.9287,10.4163,9.8867,7.7455,8.6049
,,,,,,,,,,,,TCGA-25-1635-01,10.7417,8.7533,9.5858,11.758,8.8778,9.7991,8.896,10.0445
,,,,,,,,,,,,TCGA-25-2396-01,10.9178,8.8839,9.7403,11.03,10.0089,9.2209,8.2362,10.0629
,,,,,,,,,,,,TCGA-25-2398-01,11.1587,7.9828,10.6001,11.3681,10.2293,9.722,8.0699,8.8547
,,,,,,,,,,,,TCGA-25-2409-01,9.3974,7.8291,9.9239,11.5676,10.6499,9.1239,6.7551,8.92
,,,,,,,,,,,,TCGA-61-1733-01,10.1709,9.1721,9.3103,11.5041,9.442,10.3841,7.4309,7.5962
,,,,,,,,,,,,TCGA-61-1740-01,11.2287,9.1488,10.0882,11.491,8.7315,9.329,9.0683,10.681
,,,,,,,,,,,,TCGA-61-2097-01,9.6631,6.9611,9.882,11.0153,9.018,9.4146,6.3138,8.0899
,,,,,,,,,,,,TCGA-04-1332-01,11.3093,9.6204,9.7511,11.6506,9.8132,9.0363,7.1187,8.7055
,,,,,,,,,,,,TCGA-13-0885-01,11.5369,10.03,9.9403,11.042,9.5264,9.0898,6.8879,9.0733
,,,,,,,,,,,,TCGA-13-1489-01,10.6849,7.3438,9.6847,11.3714,9.9879,9.6141,7.6738,9.3616
,,,,,,,,,,,,TCGA-24-1463-01,11.0299,9.3498,10.4856,11.2326,10.3807,9.7936,9.8343,9.2271
,,,,,,,,,,,,TCGA-24-1464-01,9.5979,7.4457,11.1696,11.1816,9.6215,9.2341,7.6095,8.2788
,,,,,,,,,,,,TCGA-24-2288-01,10.5816,8.5804,10.3128,11.5047,9.6444,8.9351,8.9596,8.7927
,,,,,,,,,,,,TCGA-25-1871-01,11.8247,8.7382,11.3141,12.3859,11.0825,10.9719,9.0664,8.4037
,,,,,,,,,,,,TCGA-10-0936-01,11.7674,8.1453,9.3913,12.2081,10.9743,8.9728,8.692,8.9976
,,,,,,,,,,,,TCGA-24-1545-01,9.5568,9.0318,9.5341,10.6841,10.6304,9.359,7.3446,7.9851
,,,,,,,,,,,,TCGA-25-1312-01,11.3466,9.3369,10.2696,11.5856,10.8301,9.9946,8.1487,9.6438
,,,,,,,,,,,,TCGA-29-1781-01,10.9194,9.9713,9.2021,11.3673,10.559,9.4693,8.6708,9.2072
,,,,,,,,,,,,TCGA-04-1530-01,11.8702,9.7025,11.3324,11.3347,9.5979,9.0553,8.1755,8.2503
,,,,,,,,,,,,TCGA-24-1418-01,10.4284,9.6555,10.6101,10.7989,9.7913,9.6231,8.2002,9.1447
,,,,,,,,,,,,TCGA-24-1430-01,9.531,8.8859,10.9169,11.137,10.608,8.9375,7.9127,9.0598
,,,,,,,,,,,,TCGA-24-2038-01,6.6408,5.894,9.0496,11.3759,9.1692,9.0395,5.7025,5.4376
,,,,,,,,,,,,TCGA-24-2281-01,11.2567,10.0316,10.8242,12.2263,10.6161,9.4487,8.3342,9.6247
,,,,,,,,,,,,TCGA-24-2289-01,8.4556,9.3366,9.4202,12.0052,10.2094,10.2002,7.8194,7.8875
,,,,,,,,,,,,TCGA-25-1632-01,9.278,8.3001,10.5999,11.3284,9.6566,9.8635,7.5075,8.4921
,,,,,,,,,,,,TCGA-30-1714-01,9.2747,8.0398,9.8649,10.6426,10.4339,10.2092,7.7711,9.1233
,,,,,,,,,,,,TCGA-09-0367-01,9.4901,8.8121,9.6228,11.1346,8.7056,9.7867,5.5468,7.7633
,,,,,,,,,,,,TCGA-13-0886-01,11.0524,8.0701,10.5011,11.4976,9.4923,9.0565,7.8531,9.1902
,,,,,,,,,,,,TCGA-13-A5FT-01,10.8729,8.6669,11.3783,11.2538,9.4236,9.7074,9.3998,10.5521
,,,,,,,,,,,,TCGA-23-1022-01,11.1781,8.2694,9.4726,10.7832,10.0999,8.9681,7.0333,8.6078
,,,,,,,,,,,,TCGA-24-1424-01,10.9099,9.8295,11.1423,12.0673,10.3606,10.3601,9.6764,9.6253
,,,,,,,,,,,,TCGA-24-1431-01,10.4433,9.9507,9.4435,11.6234,9.6389,9.8073,6.4183,9.6775
,,,,,,,,,,,,TCGA-24-1562-01,9.6229,9.3893,10.0268,11.2387,9.3165,9.3153,8.3827,9.0186
,,,,,,,,,,,,TCGA-24-1564-01,9.36,8.1721,10.2976,10.9779,11.1662,9.3281,7.0551,9.0572
,,,,,,,,,,,,TCGA-24-2020-01,11.7282,9.2202,10.7841,11.5512,10.6188,10.3816,9.5981,8.5965
,,,,,,,,,,,,TCGA-25-1628-01,11.5988,9.5277,10.5752,11.8688,10.6467,9.8739,9.002,9.0216
,,,,,,,,,,,,TCGA-61-2000-01,10.2412,10.1012,11.5878,11.2575,10.3498,10.9691,8.8677,8.641
,,,,,,,,,,,,TCGA-13-0795-01,10.8468,8.7235,8.7196,11.123,9.1081,9.0242,6.596,10.0864
,,,,,,,,,,,,TCGA-13-1492-01,11.049,10.4322,11.1986,11.6653,9.6041,10.1667,9.9755,10.9239
,,,,,,,,,,,,TCGA-23-2078-01,11.2189,9.4954,11.1553,11.6671,10.6493,9.397,8.7094,10.5523
,,,,,,,,,,,,TCGA-24-1563-01,9.4949,7.9695,9.9833,10.7262,10.5659,9.8202,7.3201,8.2646
,,,,,,,,,,,,TCGA-24-1604-01,9.6999,8.4279,11.72,11.639,10.6108,9.8202,6.0728,8.2
,,,,,,,,,,,,TCGA-24-1843-01,10.2058,10.0583,10.633,11.9756,10.0979,10.3778,8.7693,10.2092
,,,,,,,,,,,,TCGA-25-1317-01,10.1414,7.7685,10.7362,11.4617,11.1055,9.5451,8.698,8.77
,,,,,,,,,,,,TCGA-25-1625-01,9.5383,10.4838,10.0565,11.9614,9.0842,9.5241,5.8283,8.4834
,,,,,,,,,,,,TCGA-29-1690-01,8.2608,6.7659,9.0577,11.1257,10.0709,9.0854,5.911,6.284
,,,,,,,,,,,,TCGA-29-A5NZ-01,10.3279,10.0215,11.7294,11.1141,10.5686,10.1962,10.1724,10.5995
,,,,,,,,,,,,TCGA-57-1586-01,11.0188,9.6985,11.1991,11.2813,10.6017,9.4308,9.0892,9.6859
,,,,,,,,,,,,TCGA-10-0927-01,9.4339,7.1337,9.2348,11.2779,10.1161,9.6058,7.3061,7.5994
,,,,,,,,,,,,TCGA-13-0762-01,11.9707,8.4963,10.5779,11.0933,10.4759,9.4912,6.4845,8.0627
,,,,,,,,,,,,TCGA-13-0920-01,11.4097,8.7995,10.8732,11.005,9.3711,10.0936,7.7854,7.8868
,,,,,,,,,,,,TCGA-13-1496-01,10.5442,9.2423,10.4304,11.4884,8.9527,9.6308,6.887,8.8747
,,,,,,,,,,,,TCGA-20-1683-01,11.0528,10.6706,10.4664,11.2911,10.4322,10.0268,9.6609,10.3115
,,,,,,,,,,,,TCGA-24-1924-01,10.7798,9.0665,10.3788,11.3998,10.659,9.82,7.9119,9.0515
,,,,,,,,,,,,TCGA-24-2035-01,10.1586,9.1424,10.3088,11.4406,10.3002,8.7056,6.5351,7.4511
,,,,,,,,,,,,TCGA-25-1320-01,10.6498,8.9625,10.294,11.8168,10.1618,9.6918,9.1036,10.0079
,,,,,,,,,,,,TCGA-25-1321-01,10.8268,9.168,10.1382,11.9392,10.8299,8.9817,8.976,9.5382
,,,,,,,,,,,,TCGA-25-1626-01,10.4484,8.8669,10.1382,11.4997,9.2088,9.8198,7.557,8.3015
,,,,,,,,,,,,TCGA-30-1862-01,9.0723,7.4788,9.6637,11.6431,10.0951,9.7879,5.996,6.6229
,,,,,,,,,,,,TCGA-61-1914-01,9.9111,8.2183,9.7599,11.1442,10.5974,10.1576,6.4385,8.3643
,,,,,,,,,,,,TCGA-61-2009-01,10.818,7.4537,9.6679,11.329,11.1506,10.0829,6.6465,7.6446
,,,,,,,,,,,,TCGA-13-1509-01,10.6365,7.9022,10.0404,11.0069,9.6456,9.7142,7.584,9.5612
,,,,,,,,,,,,TCGA-23-1030-01,9.6929,9.1539,10.7156,11.873,10.7694,9.7123,6.4698,8.5727
,,,,,,,,,,,,TCGA-23-1119-01,10.4094,7.3915,9.8383,10.4904,9.2604,9.2783,7.0535,8.2003
,,,,,,,,,,,,TCGA-24-1844-01,10.1199,8.7364,9.6597,10.5307,10.5645,9.2886,8.6539,8.724
,,,,,,,,,,,,TCGA-25-1633-01,9.1173,7.1726,9.72,12.0579,11.2798,10.3963,6.4133,7.0129
,,,,,,,,,,,,TCGA-25-2401-01,10.5529,9.8065,10.4966,11.3497,10.2177,8.4747,8.3696,9.5671
,,,,,,,,,,,,TCGA-30-1857-01,10.2152,9.6264,9.2468,10.7748,8.7269,8.3591,6.4517,8.3519
,,,,,,,,,,,,TCGA-09-2048-01,10.2735,6.8676,11.2252,11.3876,10.1417,11.0585,10.26,8.1337
,,,,,,,,,,,,TCGA-10-0926-01,10.5879,9.0742,9.4303,11.0892,11.079,10.2706,7.5886,8.1762
,,,,,,,,,,,,TCGA-13-0760-01,10.6723,9.9807,9.8806,11.9128,7.584,9.2869,5.8614,8.7188
,,,,,,,,,,,,TCGA-13-1505-01,10.2933,9.184,10.0458,11.4758,10.546,10.3516,8.3605,8.4332
,,,,,,,,,,,,TCGA-23-1111-01,10.4073,6.8879,10.6621,11.3372,10.3098,9.6208,6.3702,8.9705
,,,,,,,,,,,,TCGA-23-1809-01,11.4612,10.3633,9.798,11.8547,9.0434,9.7674,9.4258,10.1865
,,,,,,,,,,,,TCGA-24-0970-01,11.6214,9.5636,10.7567,11.4623,10.1629,10.4566,8.9668,8.5167
,,,,,,,,,,,,TCGA-29-1776-01,9.8571,8.1888,10.2516,11.5609,8.7165,9.6102,7.6042,7.9334
,,,,,,,,,,,,TCGA-36-1578-01,8.7831,9.3918,10.5104,11.0852,9.9612,9.1591,6.4392,7.7776
,,,,,,,,,,,,TCGA-36-1581-01,10.5548,9.9845,10.9416,11.8548,9.9628,9.0687,8.8389,10.6709
,,,,,,,,,,,,TCGA-57-1994-01,10.1405,9.9769,10.5954,11.245,10.0036,10.1726,8.4465,8.5114
,,,,,,,,,,,,TCGA-59-2354-01,9.5846,8.1072,9.6625,11.9125,10.5227,9.6654,8.3697,8.6078
,,,,,,,,,,,,TCGA-61-2094-01,10.5576,9.9775,10.2548,12.288,10.2058,9.5756,7.8532,9.6814
,,,,,,,,,,,,TCGA-04-1356-01,10.9213,8.4663,10.3296,10.9938,11.1679,9.0093,8.5422,9.3536
,,,,,,,,,,,,TCGA-09-2056-01,10.4656,7.6619,8.2531,12.1784,9.0865,9.7944,7.2607,8.3367
,,,,,,,,,,,,TCGA-13-1510-01,9.9997,7.177,11.0358,12.1061,8.3541,8.4403,7.6799,9.2439
,,,,,,,,,,,,TCGA-23-1109-01,12.5735,10.4211,9.6937,11.5884,10.2374,9.1064,9.1797,10.8415
,,,,,,,,,,,,TCGA-24-1419-01,9.5184,9.8348,9.4413,11.2385,10.8075,10.0799,7.3729,9.416
,,,,,,,,,,,,TCGA-25-1313-01,9.2371,8.4383,10.4745,11.1279,10.669,8.998,6.0018,8.0441
,,,,,,,,,,,,TCGA-25-1322-01,12.0325,10.2868,10.418,11.7501,10.4463,10.6351,9.2574,11.3766
,,,,,,,,,,,,TCGA-29-1695-01,11.3494,9.3528,11.0658,11.6352,10.369,9.424,8.1199,10.1139
,,,,,,,,,,,,TCGA-29-1697-01,11.1807,9.6879,9.7838,11.567,9.7025,10.0961,10.0009,8.5746
,,,,,,,,,,,,TCGA-61-2098-01,10.7035,8.3671,11.2404,11.6259,10.6441,11.2077,8.9546,9.4115
,,,,,,,,,,,,TCGA-04-1364-01,12.2683,8.9454,10.5212,11.3606,11.6551,10.4278,8.7439,10.3462
,,,,,,,,,,,,TCGA-09-1667-01,10.4744,9.7787,10.8056,11.2793,12.7691,10.5474,7.0848,9.1048
,,,,,,,,,,,,TCGA-13-0883-01,9.6393,6.7469,9.5845,11.4694,10.0898,9.0533,9.1856,8.5716
,,,,,,,,,,,,TCGA-13-1483-01,10.6295,8.5828,11.1373,11.3658,10.0261,9.7602,7.4348,9.7841
,,,,,,,,,,,,TCGA-20-0987-01,11.7837,9.4664,8.5602,11.1939,9.4789,8.4977,5.6137,8.0289
,,,,,,,,,,,,TCGA-24-1423-01,10.7654,8.1566,11.0483,12.2157,10.3032,8.4574,7.8235,8.913
,,,,,,,,,,,,TCGA-25-1326-01,10.9344,9.4346,10.548,11.6834,10.0247,9.7728,8.2632,7.5765
,,,,,,,,,,,,TCGA-30-1855-01,11.5592,9.5636,10.956,11.7404,10.3379,9.543,8.2694,10.0041
,,,,,,,,,,,,TCGA-30-1866-01,10.464,9.4312,9.0699,11.3352,10.0542,9.7281,7.5906,9.4908
,,,,,,,,,,,,TCGA-30-1891-01,9.2064,7.1587,10.6578,11.5488,9.5145,9.7538,5.506,7.9036
,,,,,,,,,,,,TCGA-5X-AA5U-01,10.9824,10.0923,11.7302,12.0311,11.1092,10.5614,9.4965,9.6638
,,,,,,,,,,,,TCGA-61-2111-01,9.4281,8.0194,10.6957,11.2467,10.0446,9.8559,7.5564,8.5835
,,,,,,,,,,,,TCGA-04-1536-01,10.7225,9.2384,9.4684,12.0342,7.6379,8.6723,7.8525,7.7983
,,,,,,,,,,,,TCGA-13-0899-01,10.8802,9.3103,9.9957,11.6194,10.4172,9.5789,7.9224,8.8831
,,,,,,,,,,,,TCGA-13-1495-01,10.4181,9.6766,10.0029,10.9464,10.2411,9.8456,8.2271,8.6061
,,,,,,,,,,,,TCGA-23-1120-01,11.2073,8.9353,11.3012,11.3136,10.4095,9.8314,6.9128,9.4569
,,,,,,,,,,,,TCGA-24-1471-01,8.7732,8.8865,9.901,11.8024,10.7533,9.5486,7.4417,8.0828
,,,,,,,,,,,,TCGA-25-2042-01,9.8995,9.2316,10.2701,11.4709,9.3515,9.4347,7.9342,8.1558
,,,,,,,,,,,,TCGA-29-2425-01,10.7546,8.4341,11.047,11.3609,10.6791,9.9448,7.3176,8.3374
,,,,,,,,,,,,TCGA-29-2427-01,10.2169,7.9339,9.6084,10.6775,9.9732,8.5926,6.0804,9.0468
,,,,,,,,,,,,TCGA-31-1956-01,10.4242,8.6422,10.3192,11.6481,8.8929,8.8411,7.4192,8.5472
,,,,,,,,,,,,TCGA-61-1738-01,8.7231,7.9725,9.8992,10.559,9.6439,9.5802,6.7165,9.4062
,,,,,,,,,,,,TCGA-61-1917-01,11.3187,9.1087,9.9866,11.8267,9.8697,8.9807,7.7378,7.6914
,,,,,,,,,,,,TCGA-04-1362-01,10.7355,8.8606,10.622,11.0274,10.4202,9.4651,8.1911,8.7933
,,,,,,,,,,,,TCGA-13-0900-01,10.5317,9.365,10.3774,11.7278,10.8868,9.7119,8.1741,8.0249
,,,,,,,,,,,,TCGA-13-1408-01,10.6954,8.9038,10.354,11.2039,10.0166,8.8482,8.1713,10.1384
,,,,,,,,,,,,TCGA-13-1488-01,10.0596,8.7468,10.9521,11.2295,9.5585,8.7782,7.1005,9.0443
,,,,,,,,,,,,TCGA-23-1107-01,11.2911,8.2399,8.3302,12.2619,8.55,9.4295,7.2054,9.8601
,,,,,,,,,,,,TCGA-23-1123-01,11.9289,10.6174,9.6396,11.8355,10.5886,10.5003,8.8299,10.1376
,,,,,,,,,,,,TCGA-24-0968-01,10.9624,9.737,10.505,10.9271,9.6418,9.5328,7.9649,8.3399
,,,,,,,,,,,,TCGA-24-1434-01,10.6382,9.0134,9.7066,11.3531,9.6666,9.6793,7.605,9.5256
,,,,,,,,,,,,TCGA-25-1870-01,0,0,0,0,0,0,0,0
,,,,,,,,,,,,TCGA-25-2397-01,9.9723,8.1849,10.4563,11.6281,9.4942,8.5416,5.8005,7.8843
,,,,,,,,,,,,TCGA-29-1762-01,11.2873,8.9114,10.4829,11.8504,10.1443,10.3397,9.5737,9.6007
,,,,,,,,,,,,TCGA-59-2348-01,9.71,9.3941,10.5275,11.6078,8.9189,10.0298,7.1905,8.9514
,,,,,,,,,,,,TCGA-61-1728-01,11.6662,8.8752,9.7171,11.6808,11.1108,9.8787,9.1661,8.7794
,,,,,,,,,,,,TCGA-09-1662-01,10.7235,9.6594,10.9929,11.422,10.2195,9.6974,7.986,9.206
,,,,,,,,,,,,TCGA-09-2054-01,10.641,9.1755,11.3976,11.862,10.1847,10.8911,9.398,9.3136
,,,,,,,,,,,,TCGA-13-0908-01,9.9499,8.0122,10.4653,11.7512,10.6745,9.7618,6.4345,7.9604
,,,,,,,,,,,,TCGA-24-0975-01,10.9951,7.8471,9.8094,11.3564,9.8995,9.1671,7.4523,8.0302
,,,,,,,,,,,,TCGA-24-1427-01,10.7133,8.7981,10.5194,10.9426,9.443,9.4044,8.0897,8.3237
,,,,,,,,,,,,TCGA-24-1549-01,11.5811,10.3553,9.9018,12.0296,9.6198,10.6931,9.1786,9.6793
,,,,,,,,,,,,TCGA-24-2267-01,10.1647,9.2896,10.4868,12.0019,9.5491,9.28,6.596,8.8281
,,,,,,,,,,,,TCGA-29-1783-01,10.7561,8.7109,9.3409,11.7429,10.6898,9.7224,6.731,8.0274
,,,,,,,,,,,,TCGA-29-2428-01,10.7876,9.2924,9.1721,11.3753,10.973,9.2469,7.6287,9.9569
,,,,,,,,,,,,TCGA-30-1853-01,9.1137,7.4884,9.9027,11.3185,10.9785,9.2437,5.8729,7.2903
,,,,,,,,,,,,TCGA-30-1860-01,11.8202,8.8939,9.5748,11.0959,9.6601,9.7849,7.9285,8.7842
,,,,,,,,,,,,TCGA-31-1951-01,10.2534,9.1819,9.9683,11.1153,10.2475,9.6491,8.7209,9.618
,,,,,,,,,,,,TCGA-59-2355-01,9.0027,7.0764,10.5275,11.0238,11.0736,9.541,7.5195,8.7855
,,,,,,,,,,,,TCGA-61-1919-01,10.601,8.887,10.9744,11.4922,10.7634,9.6523,7.1303,9.2304
,,,,,,,,,,,,TCGA-04-1361-01,10.4832,9.0607,9.9391,11.048,9.4265,9.6198,6.8536,8.5997
,,,,,,,,,,,,TCGA-04-1648-01,9.2749,6.7601,10.4563,12.0766,10.3371,9.8773,5.9756,7.5084
,,,,,,,,,,,,TCGA-09-1666-01,10.0071,7.6333,10.6002,11.0336,9.7866,9.2814,8.1739,8.2265
,,,,,,,,,,,,TCGA-09-1668-01,11.023,8.7452,10.5628,11.0813,10.7274,9.7494,8.3045,9.761
,,,,,,,,,,,,TCGA-09-1670-01,10.0061,8.7333,9.9969,11.2134,10.2803,9.4471,7.7976,8.3662
,,,,,,,,,,,,TCGA-13-1410-01,12.4151,9.6314,9.6126,11.5195,10.2397,9.1367,7.9999,10.9743
,,,,,,,,,,,,TCGA-24-1435-01,11.0322,9.1231,11.4773,11.1606,9.5775,9.6703,8.7954,8.9695
,,,,,,,,,,,,TCGA-24-1436-01,11.4093,9.8626,9.9476,11.5288,10.7383,9.4517,7.8189,8.9425
,,,,,,,,,,,,TCGA-24-1474-01,12.1633,12.44,11.3563,11.1984,9.9657,10.365,10.7936,10.5566
,,,,,,,,,,,,TCGA-24-1548-01,11.7462,10.3991,10.9302,12.2815,10.2337,10.5298,9.4043,9.4117
,,,,,,,,,,,,TCGA-24-2262-01,10.356,8.6144,10.1215,11.9912,9.589,9.5071,9.563,9.2964
,,,,,,,,,,,,TCGA-25-2391-01,10.7115,8.4151,10.2689,11.0686,9.1465,10.1713,8.31,9.3193
,,,,,,,,,,,,TCGA-29-1699-01,11.6066,10.0641,10.2048,11.5434,10.4393,10.0251,7.5792,9.6883
,,,,,,,,,,,,TCGA-57-1583-01,10.3126,9.0092,10.9169,12.8192,10.5211,9.8701,6.4694,8.9952
,,,,,,,,,,,,TCGA-57-1585-01,10.6638,9.2213,10.9452,11.4624,9.5607,9.3992,7.7045,9.3628
,,,,,,,,,,,,TCGA-61-2092-01,9.3837,8.2702,9.485,11.8306,9.9108,8.8737,7.4307,8.1217
,,,,,,,,,,,,TCGA-09-0369-01,11.4215,10.1923,9.4908,13.0278,10.9055,10.6109,8.992,8.6533
,,,,,,,,,,,,TCGA-13-0890-01,11.253,9.305,9.9948,12.6675,10.6002,9.6701,7.1149,8.5007
,,,,,,,,,,,,TCGA-13-1499-01,11.1715,7.7801,10.0465,11.5181,10.5652,9.4041,7.1843,8.0779
,,,,,,,,,,,,TCGA-20-1682-01,11.3458,8.4069,10.259,10.6002,9.091,9.0393,7.5926,9.8768
,,,,,,,,,,,,TCGA-24-1104-01,10.0391,9.2336,10.0866,11.1287,9.7197,9.2888,6.4064,8.3386
,,,,,,,,,,,,TCGA-24-1616-01,10.4322,9.2965,10.1326,12.0304,9.0235,9.8866,6.6589,8.8603
,,,,,,,,,,,,TCGA-24-2290-01,10.7514,8.7967,10.9086,12.4284,10.6441,9.4986,9.0763,10.5144
,,,,,,,,,,,,TCGA-24-2297-01,10.0562,9.3853,10.6851,11.5278,10.3626,9.7733,8.8255,10.0874
,,,,,,,,,,,,TCGA-29-1701-01,10.6559,9.4229,9.9067,11.4476,10.1702,10.4798,8.2109,9.6568
,,,,,,,,,,,,TCGA-29-1703-01,11.0974,9.2067,9.7508,10.1528,10.2369,9.5853,7.562,9.3913
,,,,,,,,,,,,TCGA-57-1993-01,10.7573,10.0264,10.1666,11.4202,9.5175,9.5829,9.4009,9.6716
,,,,,,,,,,,,TCGA-61-1910-01,9.581,9.3332,11.0623,11.4266,10.8308,9.9018,7.0421,9.3984
,,,,,,,,,,,,TCGA-61-2110-01,9.8758,9.7397,9.6305,12.0707,9.4702,9.6376,6.4612,8.4663
,,,,,,,,,,,,TCGA-09-0366-01,10.3675,9.1674,9.8269,12.232,9.3679,9.7679,7.345,8.6244
,,,,,,,,,,,,TCGA-13-0714-01,10.0894,9.4746,9.7687,11.8176,9.7858,7.7333,6.1974,9.1464
,,,,,,,,,,,,TCGA-13-0726-01,10.0492,7.9538,9.1695,10.5993,10.0703,9.0683,5.4988,8.0196
,,,,,,,,,,,,TCGA-13-0911-01,11.0414,9.1339,8.8113,12.3625,8.9877,8.9756,6.1251,7.3904
,,,,,,,,,,,,TCGA-23-1114-01,10.9656,9.8825,11.0551,11.0381,11.2451,10.4226,8.6014,9.1031
,,,,,,,,,,,,TCGA-24-2271-01,9.4808,8.2958,9.3714,11.4093,10.3409,8.9453,7.2881,9.0674
,,,,,,,,,,,,TCGA-24-2298-01,11.6599,9.9048,9.6717,11.0875,9.5004,9.0889,7.9193,8.7842
,,,,,,,,,,,,TCGA-25-1316-01,9.2335,8.087,9.3441,11.0195,9.749,9.479,8.6671,8.1208
,,,,,,,,,,,,TCGA-29-1784-01,11.1966,9.1608,9.646,11.3867,10.9087,9.7574,8.2526,8.9654
,,,,,,,,,,,,TCGA-29-1785-01,10.6226,8.5813,9.9288,10.8039,9.3115,9.3354,7.6042,8.7499
,,,,,,,,,,,,TCGA-3P-A9WA-01,11.297,10.8046,10.1504,12.5942,10.6681,10.2715,9.1407,9.8285
,,,,,,,,,,,,TCGA-59-A5PD-01,11.132,10.3435,11.0869,11.5351,11.0083,11.0418,10.4837,10.0884
,,,,,,,,,,,,TCGA-61-1911-01,10.1109,8.5263,9.2386,11.5254,10.0744,8.8501,5.7619,8.2287
,,,,,,,,,,,,TCGA-61-2101-01,10.7224,7.8418,10.3139,11.5842,10.255,9.8268,7.1375,8.3884
,,,,,,,,,,,,TCGA-VG-A8LO-01,10.4805,8.7531,11.326,11.7065,10.6797,9.9751,7.9613,9.4389
,,,,,,,,,,,,TCGA-09-1669-01,10.5823,8.4192,10.8338,11.5225,10.527,9.9429,8.2017,10.3678
,,,,,,,,,,,,TCGA-13-0897-01,10.8899,8.6128,8.3139,10.7684,9.7278,9.8142,8.3743,8.3444
,,,,,,,,,,,,TCGA-24-1417-01,10.3071,9.1503,10.7404,11.294,10.0885,9.5631,7.8662,9.6573
,,,,,,,,,,,,TCGA-24-1470-01,11.0538,9.6419,10.7721,11.5961,9.3377,10.3941,9.161,9.4554
,,,,,,,,,,,,TCGA-24-1567-01,10.69,8.6618,9.8765,11.3088,9.5463,11.0404,8.0291,9.3315
,,,,,,,,,,,,TCGA-24-2023-01,10.9577,9.784,9.8945,11.4955,10.2013,9.9038,6.5325,9.3184
,,,,,,,,,,,,TCGA-25-1318-01,9.9331,8.9283,9.9297,10.615,9.9872,9.6346,8.0431,8.5413
,,,,,,,,,,,,TCGA-29-1710-01,8.8422,8.6586,10.0962,11.7866,9.1303,9.7907,5.6409,8.2419
,,,,,,,,,,,,TCGA-29-1770-01,11.0566,8.846,10.4538,11.1071,9.7548,9.1701,6.8275,8.5741
,,,,,,,,,,,,TCGA-61-2095-01,9.5916,8.3737,10.417,11.9219,9.8643,9.3981,7.9101,8.1948
,,,,,,,,,,,,TCGA-04-1651-01,11.1111,8.9818,11.2076,11.4273,9.7063,10.0078,7.4008,9.1005
,,,,,,,,,,,,TCGA-23-1122-01,11.1152,10.3277,10.8764,11.5621,9.3517,9.8446,8.5075,10.234
,,,,,,,,,,,,TCGA-24-0979-01,10.3422,9.0014,10.0566,10.8391,11.1359,9.9272,9.5353,8.9994
,,,,,,,,,,,,TCGA-24-1551-01,11.4952,9.5156,9.7452,11.3376,9.5063,9.4976,8.7948,9.3083
,,,,,,,,,,,,TCGA-24-1553-01,9.4484,8.5471,10.257,11.1237,9.9192,9.5967,5.1505,7.9154
,,,,,,,,,,,,TCGA-24-1603-01,10.811,9.539,10.4477,11.4177,10.1036,9.794,8.2347,9.7481
,,,,,,,,,,,,TCGA-24-1930-01,10.9065,8.3263,9.8789,11.9539,9.8887,8.8831,7.0923,7.8951
,,,,,,,,,,,,TCGA-29-1698-01,11.5035,9.9237,10.318,11.3674,10.2366,10.7912,8.6148,10.3127
,,,,,,,,,,,,TCGA-36-1571-01,10.4149,9.4513,9.5727,11.2512,11.6536,10.7942,11.5848,9.6438
,,,,,,,,,,,,TCGA-61-1743-01,11.1995,9.0339,11.8265,11.8066,11.0472,9.4232,8.4708,9.3969
,,,,,,,,,,,,TCGA-61-2003-01,10.2093,8.8979,10.561,11.4724,9.6114,9.3996,7.3895,8.9668
,,,,,,,,,,,,TCGA-61-2104-01,10.1628,8.8522,11.6693,11.7995,9.8499,9.7976,7.5052,9.2851
,,,,,,,,,,,,TCGA-61-2113-01,10.8834,9.23,12.3974,11.8219,10.4122,10.4396,8.574,9.8802
,,,,,,,,,,,,TCGA-04-1357-01,9.9564,7.9252,10.3487,11.5816,10.4827,8.3519,5.9054,7.3495
,,,,,,,,,,,,TCGA-04-1542-01,11.0438,7.7824,10.0097,12.414,10.7497,9.4768,4.4168,6.8727
,,,,,,,,,,,,TCGA-13-0800-01,10.1925,8.1962,11.3015,11.9171,11.5365,11.0633,8.6345,8.2175
,,,,,,,,,,,,TCGA-13-0919-01,10.6298,9.0463,9.537,11.3777,11.422,9.6427,5.7197,8.6163
,,,,,,,,,,,,TCGA-13-1482-01,11.2073,8.2473,10.9422,12.0439,9.7722,9.4446,8.3063,8.7346
,,,,,,,,,,,,TCGA-13-1511-01,10.4894,9.0328,10.0221,11.0738,9.4925,9.2298,7.6252,9.622
,,,,,,,,,,,,TCGA-23-1024-01,10.0924,10.1382,9.1536,12.5376,10.3541,10.2927,6.3332,9.13
,,,,,,,,,,,,TCGA-30-1892-01,8.9796,7.1794,9.4048,10.3993,10.0443,8.728,6.9402,7.761
,,,,,,,,,,,,TCGA-31-1953-01,10.5786,9.9806,10.742,11.6491,9.434,9.8531,8.7176,9.6502
,,,,,,,,,,,,TCGA-36-1568-01,9.2053,8.3218,10.4821,11.5249,9.2601,9.9753,6.2482,7.4925
,,,,,,,,,,,,TCGA-36-1569-01,9.082,7.5161,9.7335,10.6749,10.4965,9.5349,5.6598,7.1951
,,,,,,,,,,,,TCGA-09-1659-01,11.0104,8.681,9.4997,11.8333,10.6313,9.3279,6.7556,8.268
,,,,,,,,,,,,TCGA-13-0905-01,10.3159,7.3595,9.8306,11.4552,9.2584,9.2868,7.7661,9.6442
,,,,,,,,,,,,TCGA-13-1407-01,11.2073,9.3567,11.576,11.2128,10.5753,10.5249,8.7224,9.2251
,,,,,,,,,,,,TCGA-13-2060-01,10.7257,8.9082,10.3212,11.782,10.5153,10.0439,7.3199,9.4935
,,,,,,,,,,,,TCGA-20-1684-01,11.4386,9.0004,10.6581,12.4078,10.7782,10.576,9.4584,10.0909
,,,,,,,,,,,,TCGA-24-1413-01,9.011,7.308,10.4881,11.1069,10.7454,9.5735,9.137,8.253
,,,,,,,,,,,,TCGA-24-1467-01,9.4585,9.3732,10.1031,12.0272,10.7475,10.0958,10.7879,8.9843
,,,,,,,,,,,,TCGA-24-1560-01,9.3922,8.8837,9.6083,11.5857,10.1599,10.4354,8.2873,8.6838
,,,,,,,,,,,,TCGA-24-1923-01,9.6023,9.1983,9.441,11.0421,9.3971,9.3731,7.3274,8.6827
,,,,,,,,,,,,TCGA-24-2027-01,11.4818,9.3196,9.2864,13.0648,9.7756,10.687,11.0956,9.9871
,,,,,,,,,,,,TCGA-29-1691-01,11.6712,9.9805,10.8215,11.1194,9.5963,10.666,9.3005,9.3031
,,,,,,,,,,,,TCGA-59-2351-01,11.003,9.2407,10.722,11.4361,9.8265,9.4058,7.7891,9.5049
,,,,,,,,,,,,TCGA-61-1900-01,11.3938,9.3374,10.7879,11.6062,8.0107,10.9952,9.7213,9.4735
,,,,,,,,,,,,TCGA-61-2016-01,10.0981,8.5655,9.8161,11.8903,10.1763,9.4025,7.6792,8.7036
,,,,,,,,,,,,TCGA-61-2088-01,9.7892,9.3142,10.6296,11.7884,10.9866,10.5037,7.8799,8.5092
,,,,,,,,,,,,TCGA-09-1673-01,10.4634,9.3599,10.9187,11.9716,10.6245,9.8519,7.1455,8.0339
,,,,,,,,,,,,TCGA-09-2045-01,8.0509,9.3257,9.9519,11.9426,8.7693,10.176,6.8238,8.1616
,,,,,,,,,,,,TCGA-10-0934-01,11.0533,9.7669,9.6067,12.3565,9.0528,9.6067,7.215,7.7865
,,,,,,,,,,,,TCGA-13-0765-01,8.0092,8.8491,7.7031,12.223,9.2558,9.5342,4.8514,6.5596
,,,,,,,,,,,,TCGA-13-0906-01,9.7338,8.8668,10.47,11.0216,9.9433,10.5092,8.7702,9.5622
,,,,,,,,,,,,TCGA-13-1501-01,11.1706,8.6206,10.1415,10.6235,9.9251,8.6,7.1641,9.3595
,,,,,,,,,,,,TCGA-24-1103-01,10.9819,7.7566,9.7435,11.2196,9.8515,8.6525,10.1738,10.2854
,,,,,,,,,,,,TCGA-24-1428-01,12.292,10.9137,10.1512,12.5133,9.5491,9.4408,8.3619,9.4422
,,,,,,,,,,,,TCGA-24-1555-01,9.8851,9.2979,10.5894,11.6241,10.723,9.3532,7.7431,9.2003
,,,,,,,,,,,,TCGA-24-1556-01,12.0356,10.9472,10.5844,11.5664,10.1953,9.9819,10.1175,10.9253
,,,,,,,,,,,,TCGA-24-2036-01,10.6602,9.6348,11.3793,11.0621,10.1075,10.6219,9.1697,10.1726
,,,,,,,,,,,,TCGA-25-1315-01,10.7122,8.6847,10.5777,11.6736,10.8136,10.7887,8.5095,9.1656
,,,,,,,,,,,,TCGA-29-1768-01,8.2903,6.7329,9.8294,10.4219,9.4099,9.0075,5.1476,7.6335
,,,,,,,,,,,,TCGA-57-1582-01,11.2314,9.6306,10.4745,11.0666,11.4595,9.3883,8.5634,8.8381
,,,,,,,,,,,,TCGA-04-1655-01,9.5148,7.0192,9.2816,11.2344,9.0355,10.5489,7.7713,7.9632
,,,,,,,,,,,,TCGA-13-0797-01,11.612,10.9582,9.7043,11.3081,8.3056,9.2994,6.6801,9.3777
,,,,,,,,,,,,TCGA-13-0916-01,12.2419,10.6888,10.6434,12.4485,9.9757,9.4314,8.9335,10.2759
,,,,,,,,,,,,TCGA-13-1405-01,11.184,9.5067,10.1313,11.2426,9.6019,9.7976,8.13,10.196
,,,,,,,,,,,,TCGA-13-1477-01,10.0222,6.7766,10.0127,11.2316,9.7547,9.0594,7.2417,6.8871
,,,,,,,,,,,,TCGA-13-1512-01,10.4694,9.5647,10.1282,11.2926,11.1338,9.8811,7.5041,9.31
,,,,,,,,,,,,TCGA-23-2081-01,10.014,7.9381,10.5784,11.3506,10.2575,10.5418,7.4366,8.9262
,,,,,,,,,,,,TCGA-24-1550-01,10.8116,9.2805,10.4691,11.5461,10.0381,10.863,8.31,8.1775
,,,,,,,,,,,,TCGA-24-1557-01,10.7076,8.9342,10.2035,11.5977,9.8133,9.2356,7.244,9.9255
,,,,,,,,,,,,TCGA-24-1842-01,10.9861,10.1915,10.5523,12.9274,9.8693,9.4256,8.0497,9.3096
,,,,,,,,,,,,TCGA-31-1959-01,9.8267,8.7561,10.3764,11.2702,9.2555,10.9457,7.6289,8.3888
,,,,,,,,,,,,TCGA-36-1570-01,10.9753,9.163,10.0214,11.3641,10.4089,9.621,10.5642,10.8167
,,,,,,,,,,,,TCGA-04-1519-01,8.8329,6.2826,9.5443,12.035,10.3316,9.8865,6.8567,7.8168
,,,,,,,,,,,,TCGA-13-0720-01,8.5091,7.1863,9.1817,11.1904,10.4132,9.5047,7.7566,8.2423
,,,,,,,,,,,,TCGA-13-0893-01,11.9329,9.3994,10.2853,11.3416,10.9601,9.3227,9.4761,10.4387
,,,,,,,,,,,,TCGA-13-1403-01,10.2579,7.843,10.4783,11.2614,9.805,9.9638,7.0904,8.47
,,,,,,,,,,,,TCGA-13-1404-01,11.0738,10.2417,11.1217,10.9318,10.0137,9.8879,8.8853,9.1983
,,,,,,,,,,,,TCGA-13-1485-01,9.3521,7.0937,9.2375,11.618,10.0854,8.9033,8.5681,7.3484
,,,,,,,,,,,,TCGA-23-1027-01,11.1627,9.8886,10.2131,11.9093,9.7628,9.4136,7.8961,8.4921
,,,,,,,,,,,,TCGA-23-1113-01,10.483,9.4553,9.1012,11.7532,10,9.6468,7.3804,8.6814
,,,,,,,,,,,,TCGA-36-1574-01,11.1296,9.4022,9.973,12.0805,10.0079,8.8347,8.613,9.8066
,,,,,,,,,,,,TCGA-61-1998-01,10.041,8.7048,10.6448,10.7975,10.7315,9.2815,8.6742,9.4404
,,,,,,,,,,,,TCGA-OY-A56P-01,9.7814,9.2171,11.1805,10.7932,10.6179,10.377,9.3535,8.7445
,,,,,,,,,,,,TCGA-13-1497-01,11.255,9.27,10.3844,11.6728,10.6542,10.2171,9.3991,9.8072
,,,,,,,,,,,,TCGA-24-2293-01,10.5681,9.1622,10.7327,11.3148,9.7052,9.76,8.0584,8.939
,,,,,,,,,,,,TCGA-29-1705-01,10.9458,9.0461,10.098,11.0647,8.7822,9.4509,8.6012,9.7813
,,,,,,,,,,,,TCGA-29-1777-01,10.4349,8.0258,8.5961,11.6346,9.9503,9.6024,5.973,7.9315
,,,,,,,,,,,,TCGA-31-1944-01,10.9691,10.1414,10.6596,11.3261,10.9055,10.0052,8.5866,8.3574
,,,,,,,,,,,,TCGA-57-1584-01,9.2172,7.4086,10.0781,10.9847,9.7739,9.37,5.7162,8.8287
,,,,,,,,,,,,TCGA-61-1724-01,9.9549,9.1196,10.6099,12.1955,9.6501,8.7355,8.4641,8.4714
,,,,,,,,,,,,TCGA-04-1350-01,9.2464,6.9608,10.265,10.6639,10.4292,9.8902,6.7283,8.7686
,,,,,,,,,,,,TCGA-13-0801-01,11.3665,10.5501,10.0398,12.1631,9.4058,9.7333,6.8235,8.6799
,,,,,,,,,,,,TCGA-20-1687-01,9.1617,7.7641,9.2394,10.4972,9.8219,9.2224,4.4667,6.7354
,,,,,,,,,,,,TCGA-23-1029-01,10.7821,9.3182,11.1014,11.3108,10.831,9.2735,8.6099,9.3657
,,,,,,,,,,,,TCGA-24-1546-01,9.4464,8.2155,9.8335,12.0471,9.9798,8.8156,6.2368,8.2086
,,,,,,,,,,,,TCGA-24-2019-01,12.1481,10.1566,9.9172,11.0476,10.4326,11.5137,10.1235,10.6394
,,,,,,,,,,,,TCGA-61-2002-01,10.8722,9.6468,9.7779,12.0778,9.8865,8.6291,7.4717,8.4861
,,,,,,,,,,,,TCGA-04-1514-01,10.9927,9.3409,10.886,12.462,10.4033,10.5065,9.0589,9.1171
,,,,,,,,,,,,TCGA-13-0924-01,10.5462,8.5926,10.0572,11.2201,9.7179,9.2892,7.0598,9.6522
,,,,,,,,,,,,TCGA-13-1506-01,10.976,10.2,9.7733,11.3684,9.6377,10.0548,8.1965,10.3631
,,,,,,,,,,,,TCGA-20-1685-01,10.9679,9.7224,10.9949,12.0015,10.8495,9.6227,10.1737,9.879
,,,,,,,,,,,,TCGA-23-1021-01,9.0243,7.4007,9.017,10.5378,9.6308,9.4682,6.3868,6.8477
,,,,,,,,,,,,TCGA-23-1026-01,10.4926,8.1495,9.9003,10.9619,10.875,9.6848,7.7564,8.6131
,,,,,,,,,,,,TCGA-23-1118-01,10.2182,8.3946,10.1153,11.1446,10.3797,10.3139,8.2475,9.2473
,,,,,,,,,,,,TCGA-23-2077-01,10.2228,8.6775,10.454,11.6264,9.6635,9.9449,6.1945,8.0832
,,,,,,,,,,,,TCGA-23-2084-01,10.8997,9.4744,10.2465,11.9306,9.9127,9.1394,9.4042,10.0485
,,,,,,,,,,,,TCGA-24-1425-01,10.2322,8.2424,11.3458,11.4271,9.1665,9.4638,6.8353,8.9456
,,,,,,,,,,,,TCGA-24-1846-01,11.1892,8.664,10.7025,11.724,10.5185,10.6861,7.7496,8.5896
,,,,,,,,,,,,TCGA-29-1694-01,10.2067,8.4684,9.2571,11.1132,10.5867,9.7567,6.3307,8.9705
,,,,,,,,,,,,TCGA-29-1711-01,8.6943,8.3046,10.2244,11.6537,8.9727,10.4296,6.7074,7.8588
,,,,,,,,,,,,TCGA-61-1736-01,11.49,9.8946,9.5787,11.6961,10.3491,9.8554,10.7057,10.0678
,,,,,,,,,,,,TCGA-61-1918-01,9.0319,8.9549,10.3576,12.1075,10.3461,8.9571,7.1655,7.8968
,,,,,,,,,,,,TCGA-04-1348-01,11.7881,10.5738,10.8266,12.0523,9.9398,9.9415,8.8153,10.9438
,,,,,,,,,,,,TCGA-10-0931-01,9.9355,9.6192,9.4139,11.4422,9.5219,10.052,7.6947,9.2564
,,,,,,,,,,,,TCGA-10-0937-01,10.1548,7.685,8.8776,11.0204,9.9593,8.7432,8.1699,7.8989
,,,,,,,,,,,,TCGA-13-0725-01,10.4919,8.3608,9.6178,12.0839,9.8623,8.5374,8.2,9.2532
,,,,,,,,,,,,TCGA-13-0799-01,11.5471,9.7224,11.0874,13.0566,10.4971,10.3136,9.7682,10.1621
,,,,,,,,,,,,TCGA-30-1718-01,10.7384,8.6812,10.583,11.852,10.0527,9.9457,7.46,9.7043
,,,,,,,,,,,,TCGA-59-2350-01,11.4507,9.7871,9.4362,11.7055,9.4636,9.9196,8.5027,9.2548
,,,,,,,,,,,,TCGA-23-1028-01,10.0924,9.0165,10.8122,10.8873,10.056,9.5124,6.5875,8.4317
,,,,,,,,,,,,TCGA-24-1426-01,11.0345,9.2153,9.1669,12.3239,10.5537,9.64,8.7704,9.3571
,,,,,,,,,,,,TCGA-29-1696-01,7.6639,6.05,9.1706,10.362,10.879,9.5502,9.6409,8.1157
,,,,,,,,,,,,TCGA-29-1763-01,11.0652,8.3572,10.875,11.4111,10.2197,10.4733,6.2392,7.7847
,,,,,,,,,,,,TCGA-36-1577-01,10.3819,8.6673,10.7739,12.0711,10.5463,10.2163,9.4626,8.7491
,,,,,,,,,,,,TCGA-61-1995-01,11.1163,10.2619,9.8324,11.3383,9.9172,9.9905,9.0031,9.9765
,,,,,,,,,,,,TCGA-09-2051-01,11.5796,10.236,10.7915,11.8048,9.0633,10.1727,8.2557,10.4934
,,,,,,,,,,,,TCGA-13-0766-01,10.8575,8.235,9.4491,12.339,9.8684,9.7221,7.9806,7.6427
,,,,,,,,,,,,TCGA-13-0887-01,11.4993,8.3422,8.8615,11.5856,9.2911,9.7259,8.0997,8.9912
,,,,,,,,,,,,TCGA-23-1110-01,12.8186,9.7919,10.7437,11.712,10.7309,10.3558,8.3763,10.0136
,,,,,,,,,,,,TCGA-24-1845-01,10.7181,8.9434,10.822,12.3785,9.9654,10.0545,8.0683,9.4487
,,,,,,,,,,,,TCGA-25-1314-01,9.5199,9.714,10.9802,11.6301,10.1802,9.6018,6.5244,9.0994
,,,,,,,,,,,,TCGA-61-1737-01,11.0806,8.7803,11.1087,11.2341,9.4616,9.5178,9.0329,9.6729
,,,,,,,,,,,,TCGA-13-0901-01,9.899,8.4252,10.7187,11.6438,9.1914,10.6073,7.7334,8.2659
,,,,,,,,,,,,TCGA-29-1769-01,10.8258,8.987,10.3897,11.8023,10.1697,10.1398,8.1971,9.2583
,,,,,,,,,,,,TCGA-59-2363-01,10.9395,8.5894,11.1831,11.5432,11.019,10.4321,7.9885,10.2657
,,,,,,,,,,,,TCGA-61-1725-01,9.9985,7.8769,9.7322,11.2408,10.8711,9.7131,7.2428,7.8045
,,,,,,,,,,,,TCGA-61-2008-01,9.6784,8.1165,10.5205,11.4157,9.8704,9.174,7.7212,8.9294
,,,,,,,,,,,,TCGA-61-2109-01,10.8575,10.151,10.5488,12.2885,10.3012,8.9737,8.3964,9.1201
,,,,,,,,,,,,TCGA-13-0884-01,10.6642,8.5112,9.9568,10.4043,10.1101,9.2542,8.4528,9.1387
,,,,,,,,,,,,TCGA-29-1688-01,10.8546,9.1365,10.2934,12.013,10.0106,9.3625,10.2829,10.4852
,,,,,,,,,,,,TCGA-25-1328-01,7.7956,6.7408,9.2542,11.3932,9.7838,8.9238,6.6502,6.7155
,,,,,,,,,,,,TCGA-25-2404-01,10.7537,9.2702,10.2523,10.8752,9.6022,9.4557,8.088,9.0984
,,,,,,,,,,,,TCGA-61-1721-01,7.2446,4.9773,7.8868,10.791,8.3963,8.9834,4.415,4.5349
,,,,,,,,,,,,TCGA-24-1105-01,11.1693,9.4502,10.7826,11.024,11.7701,9.6738,7.4021,8.9797
,,,,,,,,,,,,TCGA-24-1416-01,10.3473,9.7348,8.6991,11.15,9.8542,9.0351,10.3536,9.7571
,,,,,,,,,,,,TCGA-31-1946-01,11.0257,9.5172,11.0262,11.6526,11.1274,10.4915,7.533,9.3634
