,E2F1-h,E2F2-h,E2F3-h,E2F4-h,E2F5-h,E2F6-h,E2F7-h,E2F8-h,,,,E2F1-s,E2F2-s,E2F3-s,E2F4-s,E2F5-s,E2F6-s,E2F7-s,E2F8-s
GTEX-13NZA-1726-SM-5J1NA,4.355,4.9163,8.9832,11.2247,8.8888,9.3359,2.2907,2.9658,,,TCGA-YB-A89D-11,7.2735,5.9427,9.5679,11.1594,7.3483,9.1633,5.3012,5.7805
GTEX-1399R-0426-SM-5IJE3,5.7031,2.2171,7.8283,11.1653,8.9547,9.1069,5.2287,1.4981,,,TCGA-HV-A5A3-11,7.1767,6.4221,9.1303,10.9247,8.4484,8.8615,5.2529,4.8704
GTEX-ZYT6-1326-SM-5E453,6.305,0,7.1524,11.3316,9.1231,9.4738,0,1.5154,,,TCGA-H6-A45N-11,8.6538,8.7639,10.277,11.8673,9.8089,9.0909,6.5791,7.5145
GTEX-131XE-1926-SM-5IFER,3.2684,2.1552,7.5105,11.057,9.3534,8.7343,3.8892,0,,,TCGA-H6-8124-11,6.6546,6.1821,9.4027,10.7933,7.8398,9.162,5.0431,4.732
GTEX-ZAB5-0826-SM-5P9FU,5.345,4.6881,7.4871,11.5223,9.3556,9.2104,5.9181,2.1056,,,TCGA-FB-AAQ6-01,8.2715,5.1572,9.6763,11.2378,8.5387,8.3594,5.9872,6.4885
GTEX-NPJ8-2126-SM-3MJGK,6.1605,4.3141,6.7216,11.7137,9.6518,9.1587,4.4027,2.594,,,TCGA-2L-AAQL-01,8.8352,6.1984,8.3662,10.781,7.2876,9.1041,4.8664,5.2564
GTEX-V1D1-0726-SM-4JBH7,6.7997,4.1977,8.2169,11.3602,9.3264,9.1276,6.1048,2.8697,,,TCGA-HZ-8005-01,8.6706,6.8575,10.2875,11.7184,8.4834,9.1746,8.5493,7.0031
GTEX-VUSG-0326-SM-3GIJ7,4.6625,0,7.0304,10.7594,9.2827,9.0657,5.3764,0,,,TCGA-HZ-A8P1-01,8.3133,5.798,10.2324,11.5924,8.7937,8.9822,6.3743,9.3504
GTEX-ZYW4-2126-SM-59HJ9,4.7901,1.688,6.5253,10.3004,9.0683,8.3932,4.0492,0,,,TCGA-IB-A7M4-01,8.4786,6.7806,9.9533,11.5556,9.2579,8.9257,6.9248,7.894
GTEX-VJYA-0826-SM-4KL1M,5.305,3.0599,7.4688,11.4308,8.8421,9.2001,4.2742,3.7912,,,TCGA-IB-7654-01,6.8325,6.4057,9.5881,10.931,8.0581,9.226,5.4674,6.0055
GTEX-XXEK-1726-SM-4BRVB,4.4794,1.6464,7.5086,11.0389,9.0803,9.0939,1.6464,0,,,TCGA-IB-7886-01,8.2256,7.224,9.6486,11.23,8.7396,9.0197,7.1724,6.366
GTEX-ZV7C-0726-SM-59HKH,4.7154,2.6815,7.6143,11.1813,8.5415,9.5733,4.1081,1.4881,,,TCGA-F2-A7TX-01,9.5174,7.3309,9.8658,11.1066,8.3396,9.2513,7.4061,7.9363
GTEX-13YAN-2126-SM-5Q5C4,4.5286,2.1365,7.1495,11.1838,8.9399,9.1332,3.4843,0,,,TCGA-HZ-7289-01,9.9173,8.9861,9.3019,11.24,8.342,8.8758,5.9311,8.2837
GTEX-11NSD-0526-SM-5A5LT,4.8709,3.2773,6.2684,11.1336,9.0221,9.0171,2.9111,1.6663,,,TCGA-HZ-A49I-01,7.3979,5.6153,8.7949,11.2112,7.9754,8.2453,6.5101,6.0042
GTEX-139YR-1526-SM-5IFJ1,5.6364,4.9483,8.3851,11.3668,8.9738,9.1672,5.5901,3.1476,,,TCGA-HZ-A77P-01,8.4516,7.6924,9.0934,11.1868,7.8015,9.4291,5.976,7.4154
GTEX-PW2O-0826-SM-48TC5,6.6365,5.8216,7.7526,11.1168,9.1155,8.9687,4.4062,3.4727,,,TCGA-IB-A5SP-01,8.7738,6.9466,8.5501,11.5577,8.5177,9.0436,6.7781,6.8003
GTEX-145MO-2126-SM-5Q5CZ,5.7184,0,7.08,10.9739,9.3099,8.8609,0,0,,,TCGA-2L-AAQA-01,9.4946,6.8778,9.5644,11.3251,8.6669,9.0942,8.2426,7.9572
GTEX-PLZ6-0726-SM-3P619,5.9414,3.9685,6.5888,11.6144,8.7329,9.0609,3.789,3.3447,,,TCGA-F2-A8YN-01,8.2122,6.7364,9.3964,11.2137,8.0413,9.036,6.1639,6.8149
GTEX-U8XE-2026-SM-3DB8S,3.6989,3.6989,8.4873,11.4391,9.1101,9.114,4.1798,2.1456,,,TCGA-HZ-A8P0-01,7.2162,6.6156,9.2217,11.3849,8.4207,9.1996,6.3982,6.6763
GTEX-132QS-0926-SM-5P9GB,6.5679,3.5148,7.3813,11.3355,8.1498,9.1797,4.7277,2.7644,,,TCGA-IB-AAUM-01,6.5962,5.0733,8.6792,10.9588,8.3365,9.0665,4.6884,5.6601
GTEX-146FQ-1526-SM-5Q5CX,9.4473,7.9008,8.6867,11.0556,8.8762,9.207,7.3825,6.2388,,,TCGA-2J-AAB6-01,9.4175,6.8569,9.544,11.4048,7.5438,8.6231,10.2951,7.7203
GTEX-12WSN-0826-SM-5GCOF,5.4291,1.5869,7.4375,11.0356,8.6306,8.8763,4.3951,2.8098,,,TCGA-3A-A9J0-01,9.9773,7.9654,9.1701,11.8158,7.703,9.2044,6.739,8.687
GTEX-Y3I4-0826-SM-4TT2A,5.1166,3.3322,7.1654,11.1236,8.222,8.6858,4.6793,4.0488,,,TCGA-HZ-A4BH-01,8.2336,6.6259,9.9258,11.3257,8.1519,9.1931,7.1118,8.5955
GTEX-OHPM-1026-SM-3LK74,5.0094,0,7.0622,11.2592,8.3026,9.1602,4.4119,0,,,TCGA-OE-A75W-01,10.063,7.6582,8.5522,11.6698,7.3247,7.7842,6.5281,6.347
GTEX-12WSL-0426-SM-5GCNX,5.5255,3.8938,7.4879,10.8508,8.5429,8.9552,3.8938,2.9878,,,TCGA-2J-AABV-01,8.7887,6.5565,7.7103,11.2761,7.8013,9.0644,4.3893,5.7606
GTEX-P4QS-1026-SM-3NMCW,6.4946,5.0247,7.9854,11.5454,8.6179,9.3526,3.2065,4.1262,,,TCGA-FB-A5VM-01,10.0778,7.2048,9.4558,12.05,7.5983,9.2888,7.6491,7.6801
GTEX-OOBJ-1026-SM-3NB2L,5.691,3.5865,6.9062,11.3698,9.2207,9.3214,2.9275,0,,,TCGA-2J-AABE-01,8.0244,6.2281,9.5706,11.0674,7.6397,8.6735,5.7877,6.887
GTEX-Q2AH-0926-SM-48TZK,5.9121,4.6822,8.1155,11.521,8.45,9.2901,3.9822,3.4422,,,TCGA-2J-AABF-01,8.7528,7.5532,9.9806,11.7542,8.2122,9.1075,7.1073,7.6844
GTEX-V955-0326-SM-4JBGV,5.8104,2.3036,6.966,11.5784,8.9101,9.1939,3.6793,3.1496,,,TCGA-HZ-8519-01,7.7316,5.8055,9.5578,11.1826,8.6548,9.5033,5.7457,5.8402
GTEX-ZAB4-1726-SM-5HL8C,5.6293,3.6493,7.2614,10.8808,9.1,8.6375,4.1015,0,,,TCGA-IB-7890-01,8.8775,5.3283,9.4073,10.7898,7.5153,8.5366,9.0221,6.7779
GTEX-YF7O-1326-SM-4W1ZR,5.2471,3.4123,7.3802,11.1441,8.7756,9.3404,3.4123,0,,,TCGA-US-A77E-01,8.2748,6.5814,9.6687,10.8861,8.0149,9.0901,6.6253,6.1714
GTEX-11ONC-0526-SM-5BC57,4.5865,2.1008,7.3415,10.8035,9.4873,8.592,0,0,,,TCGA-HV-A7OP-01,10.2605,7.5755,8.5652,11.3758,7.5675,9.383,3.6966,5.3932
GTEX-XMK1-0326-SM-4B652,5.7916,3.3313,7.5102,11.1559,8.5341,8.6912,3.7752,2.2098,,,TCGA-HZ-7918-01,8.0802,7.0432,9.5627,10.967,8.4831,9.4677,6.9082,7.3514
GTEX-QEL4-1326-SM-447AD,5.386,3.9614,6.3686,11.1828,9.1366,8.5476,4.7676,0,,,TCGA-HZ-A4BK-01,8.4736,6.9644,9.0358,11.4945,7.8656,8.8547,7.6076,6.6794
GTEX-QV44-0426-SM-4R1KF,6.9447,4.3429,8.0827,11.2724,9.1578,8.9733,4.5551,4.094,,,TCGA-2J-AAB8-01,7.8034,7.1126,9.4816,11.1762,8.4053,8.9687,6.5181,7.4295
GTEX-WFJO-0626-SM-4LVMC,5.415,5.083,7.3895,11.1293,8.5009,9.2148,3.5807,3.2886,,,TCGA-2J-AABK-01,8.2259,6.781,9.1436,11.4788,8.9147,9.2146,6.597,7.2447
GTEX-WYJK-2426-SM-4ONDQ,6.3739,4.1543,8.1314,11.4893,8.7735,9.5835,5.0229,3.2332,,,TCGA-3E-AAAZ-01,9.0712,6.8603,9.121,11.4065,7.8491,9.4362,6.7209,7.3298
GTEX-144GN-0826-SM-5LU5G,4.9728,4.3364,7.2874,10.8108,8.7041,9.2638,3.945,3.6089,,,TCGA-FB-AAPP-01,9.3253,7.8281,8.4646,11.5646,8.2505,9.1102,7.6391,8.2804
GTEX-SIU7-0926-SM-4BRX1,5.6316,2.121,6.8652,11.2124,8.2517,9.2476,4.8815,2.591,,,TCGA-FB-AAPY-01,7.5791,6.5866,9.064,11.3896,8.2383,9.0227,5.1565,6.5866
GTEX-145MN-1426-SM-5SI9H,5.4122,2.7951,7.9572,10.9347,8.4621,8.9561,3.8935,2.3105,,,TCGA-HZ-7920-01,7.006,6.2321,9.6085,11.3784,8.3923,9.7267,5.5011,6.0925
GTEX-Y9LG-0726-SM-4VDS3,8.2905,6.9681,9.2459,11.4316,8.4441,9.1693,5.8125,6.2143,,,TCGA-IB-A5SO-01,7.1909,5.9794,9.5088,11.061,8.031,8.993,5.6817,6.108
GTEX-11LCK-0226-SM-5A5M6,5.3084,2.8949,7.2405,10.9865,8.4544,8.7914,4.1833,0,,,TCGA-F2-6880-01,6.8686,2.6661,7.4122,10.4532,7.8478,8.9762,2.6661,2.1906
GTEX-QESD-0226-SM-447BH,4.5323,0,7.7483,11.5459,8.9702,9.5222,3.5934,2.2296,,,TCGA-HV-A7OL-01,9.5686,8.0581,8.3746,11.5082,8.0788,8.7464,5.9389,6.7896
GTEX-144FL-1526-SM-5Q5CA,5.6187,2.0376,8.6328,11.3853,9.2767,9.1436,5.5724,2.8502,,,TCGA-HZ-A9TJ-01,8.2724,5.8359,10.0795,11.7673,8.174,9.5237,6.7634,6.4809
GTEX-YB5E-0526-SM-4VDSD,7.051,4.8015,8.2132,11.488,8.5142,9.2347,4.873,4.0502,,,TCGA-HZ-8001-01,8.0337,7.071,8.319,11.4963,8.2582,9.1663,5.2765,6.6985
GTEX-PSDG-1526-SM-48TCY,5.0071,3.034,6.8285,11.4844,8.8996,9.2465,3.6987,0,,,TCGA-FB-AAQ0-01,7.7582,6.16,9.5674,11.8001,8.2158,8.9325,6.9208,7.0775
GTEX-S33H-1226-SM-4AD69,5.9358,3.8166,7.4412,11.6904,9.5657,9.2426,6.7938,2.6406,,,TCGA-IB-AAUP-01,8.6102,8.7424,9.8062,11.4868,9.1218,8.9858,6.808,7.7968
GTEX-XPVG-0326-SM-4B653,5.8851,4.5782,7.7056,11.3923,8.2986,8.9197,5.1065,2.6512,,,TCGA-3A-A9I9-01,8.4355,7.0149,9.344,11.0107,8.1386,8.7551,6.5419,6.5136
GTEX-R55D-1426-SM-48FEN,6.2875,4.3855,7.3679,11.532,8.3748,9.1375,3.4529,1.8022,,,TCGA-3A-A9IS-01,7.9,4.7427,6.722,10.4895,8.9127,9.3899,3.9752,3.4994
GTEX-S95S-0726-SM-4B64H,4.1205,3.0046,7.7579,11.1322,7.9848,8.9921,5.1751,1.7407,,,TCGA-3E-AAAY-01,8.1082,6.5082,9.0067,11.1147,8.3446,9.1849,5.2596,7.3069
GTEX-YEC4-1326-SM-5IFHG,5.9982,0,7.3065,11.0453,8.4159,8.8991,3.6131,0,,,TCGA-IB-AAUR-01,7.8196,7.4873,10.0955,11.6152,8.8706,9.2378,5.1492,6.357
GTEX-ZEX8-1026-SM-4WKHE,7.045,4.8822,6.8803,11.1711,8.4595,8.8083,5.0152,3.9303,,,TCGA-S4-A8RM-01,7.6331,5.2596,9.5788,11.4698,8.4992,9.2431,6.5974,8.0896
GTEX-11EQ9-1026-SM-5H134,5.1117,3.0809,6.866,11.4206,8.3946,9.4093,4.2967,1.5187,,,TCGA-XN-A8T3-01,8.9127,6.9471,9.2119,11.0254,8.0644,9.328,8.8214,7.0068
GTEX-WFON-0626-SM-4LVLX,6.1959,5.4107,8.3673,11.3985,8.253,8.9006,4.2826,3.3548,,,TCGA-2L-AAQI-01,8.7966,6.1568,8.6749,10.8116,8.6793,9.1122,6.1888,8.5907
GTEX-11P7K-0526-SM-5BC5I,4.1739,3.3885,7.4996,10.9572,8.3642,8.9853,4.1739,2.7405,,,TCGA-HZ-7925-01,7.9823,6.3143,10.0078,11.1437,8.1942,8.7152,7.0998,7.7168
GTEX-13FTW-0526-SM-5IFIP,5.8132,4.3732,7.311,11.2567,8.3201,9.114,4.0686,1.5716,,,TCGA-2J-AAB1-01,8.3137,6.1161,8.4674,11.0677,7.931,8.5915,6.3449,6.8711
GTEX-ZDYS-2526-SM-4WKGU,5.9201,2.9292,7.4165,10.7696,7.8039,8.9833,5.1815,0,,,TCGA-3A-A9IJ-01,8.1632,4.6607,7.1385,11.3515,9.1019,9.9539,1.4198,0.8779
GTEX-ZVZP-0626-SM-59HL5,5.9654,3.5668,7.8036,11.2084,8.3751,9.5442,5.923,3.0415,,,TCGA-3A-A9IU-01,8.1498,5.492,9.87,11.1858,8.1112,9.1773,6.8431,7.0555
GTEX-X4LF-0326-SM-4QAS9,5.9767,3.7436,7.7851,11.4524,7.7622,9.0937,3.5391,2.6581,,,TCGA-F2-A44H-01,7.9847,6.0694,9.3414,10.8256,7.8335,8.6419,6.0694,6.5907
GTEX-YEC3-0626-SM-5IFHZ,5.0547,0,7.3073,11.4145,8.354,9.1448,4.1752,0,,,TCGA-FB-AAPQ-01,7.7141,5.9706,10.8186,10.9906,8.2856,8.0557,8.0858,7.3424
GTEX-WHSB-0726-SM-4M1XQ,5.7204,4.3719,7.7501,11.1004,8.5717,8.9616,4.6798,2.5671,,,TCGA-HZ-7923-01,7.0807,7.1409,9.8267,11.0155,8.3234,9.4262,5.5048,6.5611
GTEX-13O61-2126-SM-5IJEO,5.2141,0,7.3356,11.3901,8.4925,9.1054,3.1741,1.5881,,,TCGA-IB-A6UG-01,8.5285,6.4748,9.2114,11.1298,9.5146,9.0143,6.2674,7.0544
GTEX-QLQW-0326-SM-447A8,4.9759,0,6.9083,11.0779,8.0187,8.7587,3.2188,1.9146,,,TCGA-IB-AAUT-01,6.476,5.4769,8.9236,10.6789,8.3078,8.7505,4.5089,4.9674
GTEX-QV31-0226-SM-447BO,5.0353,0,6.3044,10.8851,7.8629,8.5326,4.5922,0,,,TCGA-F2-7276-01,6.7552,6.2411,9.7637,11.0372,8.2809,9.3442,5.3405,6.2306
GTEX-XBED-0226-SM-47JY8,6.2549,1.505,7.501,11.3301,8.2462,9.2295,4.5272,1.505,,,TCGA-IB-7893-01,8.9111,6.5426,9.9258,10.9678,8.6812,9.1441,8.2141,7.8268
GTEX-Y8E4-1326-SM-5IFIY,4.4616,0,6.7302,11.1232,8.7947,9.2658,4.0682,1.8597,,,TCGA-US-A77G-01,8.5952,7.6466,8.262,11.3771,8.1224,8.9576,7.1968,7.5961
GTEX-ZLFU-0726-SM-57WF6,5.9402,3.8503,7.418,11.2216,8.5694,9.2218,3.8503,1.6947,,,TCGA-IB-A6UF-01,8.2414,5.5406,8.7007,11.4957,8.5123,9.1484,7.5036,6.5384
GTEX-S3XE-0526-SM-4AD4G,5.1872,1.5697,7.2346,11.1351,8.5101,9.0842,4.2262,2.7877,,,TCGA-2J-AABH-01,8.214,5.6045,9.3454,11.4455,8.0505,8.8902,7.1696,7.841
GTEX-SNOS-0926-SM-4DM7A,5.5889,3.2011,7.6715,11.3975,8.5478,9.0904,4.8918,2.8374,,,TCGA-HZ-8002-01,7.4441,5.8898,9.482,11.0511,7.9819,9.2992,6.6284,6.1128
GTEX-XQ8I-1926-SM-4BOOK,4.6183,2.6405,6.8924,11.3504,8.7875,8.7405,2.6405,0,,,TCGA-US-A776-01,9.6431,9.5639,9.5671,11.8366,8.7786,9.2281,7.7613,8.7801
GTEX-YEC3-0626-SM-4YCFE,5.3024,3.7165,8.2121,11.1716,8.378,9.2128,4.5402,2.3359,,,TCGA-IB-7646-01,9.1607,5.9518,9.648,10.8175,8.4272,8.9128,8.9026,6.529
GTEX-QDVJ-1226-SM-48U1V,7.0111,5.6579,8.4191,11.574,8.5065,9.2732,5.0628,4.1751,,,TCGA-IB-8127-01,7.9722,5.8577,10.3533,11.2466,8.8719,9.6881,6.8844,7.16
GTEX-X5EB-0526-SM-46MVP,6.0969,5.033,7.337,10.9153,8.3087,8.8679,4.8466,3.8959,,,TCGA-YB-A89D-01,7.1063,5.3552,8.7794,11.153,7.8054,8.7282,5.4976,6.0536
GTEX-Q2AI-0426-SM-48U13,6.0577,1.7059,7.1652,10.9501,8.114,8.929,3.622,0,,,TCGA-Q3-A5QY-01,8.1987,7.8483,9.5852,11.5158,8.7005,9.1028,5.1039,6.2381
GTEX-WHPG-0326-SM-4M1XV,4.6074,1.847,7.5547,11.1276,8.5402,9.0165,4.0518,3.1362,,,TCGA-3A-A9I5-01,8.9687,6.2056,9.8283,11.0155,8.6393,9.3622,5.1491,6.5533
GTEX-SUCS-1426-SM-4DM5W,6.227,2.4903,7.9549,11.0786,8.3321,9.0113,5.5604,1.7266,,,TCGA-F2-6879-01,8.7792,7.3821,9.4702,11.5109,8.9441,9.3349,7.5805,8.2961
GTEX-ZT9W-0926-SM-57WFS,5.4309,2.2723,7.4849,10.9704,8.4877,9.106,2.7541,0,,,TCGA-HZ-7926-01,8.0508,6.2801,9.8831,11.2014,8.2817,9.5116,7.554,6.7179
GTEX-ZDTT-1126-SM-4WKFW,4.8502,4.4517,7.2897,11.3442,8.3708,9.3181,4.1079,0,,,TCGA-IB-A7LX-01,9.2914,5.0534,10.005,11.2794,8.7639,9.0584,9.3847,7.7055
GTEX-14ICL-1126-SM-5S2RE,6.9985,5.0591,8.2966,11.2475,8.2328,9.1311,4.8259,4.2026,,,TCGA-2J-AABU-01,8.8273,6.6582,9.0974,11.0923,7.5758,9.4995,6.6582,7.4395
GTEX-OOBK-1026-SM-48TC2,4.6601,2.437,6.9094,11.339,8.26,9.3146,4.3832,1.6814,,,TCGA-2L-AAQE-01,8.9012,6.6114,9.3324,10.6697,8.9918,9.2065,5.6151,7.3087
GTEX-11TT1-0326-SM-5LUAY,6.0028,2.9127,8.0817,11.0828,8.6294,9.2742,3.8136,0,,,TCGA-XD-AAUL-01,8.3039,6.4236,9.5653,10.9519,7.7503,8.9219,6.3144,6.5142
GTEX-T8EM-0826-SM-4DM76,5.6836,0,8.0566,11.6299,8.3077,8.9181,4.7827,0,,,TCGA-2J-AABA-01,7.7346,5.7614,9.4143,11.039,8.6992,9.175,5.8626,7.0242
GTEX-ZG7Y-0326-SM-4WWEY,5.7293,3.4113,7.5095,11.3884,8.7914,9.0138,4.3419,1.5499,,,TCGA-3A-A9IO-01,6.0432,3.2213,7.5825,10.6563,9.4151,9.5821,2.9376,1.4143
GTEX-111CU-0526-SM-5EGHK,5.4151,2.6342,6.8528,10.8993,8.1043,8.9984,2.6342,1.8497,,,TCGA-F2-7273-01,6.3843,5.4706,9.825,10.9344,7.8652,9.3472,5.0564,5.6667
GTEX-111YS-1226-SM-5EGGJ,5.665,1.8551,7.0715,10.9665,8.0145,9.1366,5.2345,0,,,TCGA-FB-A4P6-01,6.7007,5.5376,8.8217,10.8544,8.3998,8.6868,5.4735,5.921
GTEX-117YX-0226-SM-5EGH6,5.3764,4.2493,8.0472,11.0684,8.2125,9.0567,4.2493,0,,,TCGA-FB-AAPZ-01,8.3949,6.9323,9.8368,11.2949,7.8359,9.1964,7.0936,6.0077
GTEX-X3Y1-0726-SM-3P5YU,5.9616,3.9213,7.1786,11.1985,8.6957,9.3276,3.0136,2.5153,,,TCGA-H8-A6C1-01,8.0761,6.829,9.1919,11.3711,8.4312,9.4702,6.7117,7.8616
GTEX-TKQ2-0426-SM-4DXUO,5.6165,3.6216,7.3661,11.2976,8.402,9.0643,5.2385,1.9363,,,TCGA-2L-AAQM-01,6.98,3.5056,8.6139,10.9699,7.9307,9.2375,2.513,3.727
GTEX-RM2N-0326-SM-48FD8,4.8508,2.7161,7.4634,10.9845,8.2759,9.0092,2.7161,0,,,TCGA-HV-A5A3-01,8.3264,6.7757,8.6516,11.0239,7.7531,8.7274,6.5655,6.9459
GTEX-WFG8-0326-SM-4LVN4,6.0615,4.4381,7.8357,11.3756,8.3281,9.2303,3.0907,3.3783,,,TCGA-HV-AA8V-01,8.0891,6.4234,9.2508,11.1453,8.2528,8.8838,5.7714,6.851
GTEX-WH7G-0826-SM-4LVMR,5.8575,3.6318,6.7335,11.1017,8.305,8.8355,3.6318,1.9445,,,TCGA-IB-AAUQ-01,8.0337,6.1887,9.6779,10.9886,7.788,9.0459,7.306,6.639
GTEX-1339X-1026-SM-5IFH5,4.4765,3.4148,7.4023,11.8354,8.8025,9.8771,5.2375,0,,,TCGA-FB-AAQ1-01,8.907,6.9701,9.4966,11.1938,8.6972,8.7247,6.3862,7.5481
GTEX-U8XE-2026-SM-5CHQF,0,0,0,0,0,0,0,0,,,TCGA-IB-AAUV-01,6.4866,5.0907,9.8997,11.2225,8.0032,9.4772,4.2703,5.3366
GTEX-146FH-1826-SM-5QGQ7,5.7835,4.685,8.1407,11.6686,9.1747,9.5897,3.1254,2.4946,,,TCGA-2J-AAB4-01,8.982,7.0307,8.9405,10.9251,8.6294,8.3444,6.1693,7.1808
GTEX-XYKS-1226-SM-4BRVI,5.9879,3.0616,8.2281,11.4153,9.022,9.5576,3.4328,3.5878,,,TCGA-FB-A7DR-01,8.8832,6.4636,9.5015,10.7395,7.2138,9.1434,6.3872,6.5124
GTEX-ZF3C-2026-SM-4WWB5,5.8968,5.1413,8.261,11.0332,9.6747,8.8127,6.1207,2.7475,,,TCGA-3A-A9IZ-01,9.6482,7.9076,9.1378,10.9446,7.6612,8.5465,7.9566,7.4017
GTEX-11ILO-1526-SM-5A5KZ,5.6155,4.5881,7.7559,11.408,9.632,9.2864,4.898,0,,,TCGA-3A-A9I7-01,8.3705,7.4427,9.482,11.1319,8.1637,9.1273,7.04,7.1917
GTEX-ZYWO-1326-SM-5SI8X,4.4226,2.7173,6.1995,10.7233,9.0222,9.0819,2.7173,1.5154,,,TCGA-2J-AABO-01,7.7736,6.3316,9.2303,11.2336,7.9452,9.2536,7.2778,6.3748
GTEX-Y3IK-0426-SM-4WWE2,6.2275,4.8195,8.7185,11.3562,8.9175,8.8029,4.4855,4.05,,,TCGA-RB-AA9M-01,8.5116,6.0476,9.7374,10.8946,8.1607,9.2121,7.0674,6.7155
GTEX-WYVS-0926-SM-4SOJV,4.0588,1.8524,7.0678,10.6263,9.0471,8.655,3.5165,1.8524,,,TCGA-IB-7647-01,8.8167,7.7726,9.5544,11.1401,8.8422,9.8239,7.5488,8.3969
GTEX-R53T-0426-SM-48FEM,6.6154,5.0288,7.3149,11.0636,9.1754,9.2692,5.3605,3.2386,,,TCGA-3A-A9IX-01,7.3422,6.2561,9.7688,10.8627,8.6167,9.1778,5.8795,6.2061
GTEX-132AR-1826-SM-5EGHR,5.3389,1.6749,7.3895,11.2589,9.0398,8.7436,5.5562,3.5807,,,TCGA-IB-AAUU-01,8.442,6.5816,9.5585,11.6958,8.3498,9.3062,5.3197,7.3192
GTEX-ZTPG-1026-SM-5DUWP,4.4193,2.1373,7.2824,11.2904,8.8037,9.0988,2.6086,0,,,TCGA-H6-A45N-01,8.0537,6.39,9.3623,11.1103,7.9506,8.6538,6.177,6.266
GTEX-QCQG-0426-SM-48U29,5.3671,4.1906,7.7789,10.754,8.2543,8.7372,4.1906,3.4044,,,TCGA-IB-7889-01,7.9335,6.311,8.8046,10.9517,8.4809,9.108,5.0935,5.7001
GTEX-13X6H-0626-SM-5LU53,3.9843,2.1026,7.9062,10.6898,8.5871,8.7896,5.1537,0,,,TCGA-HZ-8638-01,8.7291,8.1503,8.9521,10.8136,8.5648,9.1807,7.7076,8.7415
GTEX-S32W-0826-SM-4AD5Z,5.5665,3.0742,6.9261,11.1007,9.1037,9.1261,4.1457,3.6009,,,TCGA-IB-AAUS-01,7.9556,6.1535,9.8084,11.2685,7.4978,9.1612,5.7016,6.1535
GTEX-ZYY3-0826-SM-5E44R,6.6147,4.5906,7.4824,11.2607,9.2286,9.129,3.8931,2.987,,,TCGA-FB-AAQ2-01,10.0542,7.9738,9.1335,11.2648,9.1303,9.2357,7.4718,7.9099
GTEX-13D11-2226-SM-5IFEO,5.0796,3.5062,7.2075,10.9997,8.4969,9.3452,3.2684,2.1552,,,TCGA-RB-A7B8-01,8.3267,6.4999,9.7417,11.1227,7.7238,8.7741,6.4685,6.742
GTEX-OHPL-1026-SM-3MJGI,5.8172,3.3548,7.4626,11.022,8.231,9.2312,5.462,0,,,TCGA-US-A77J-01,8.9087,8.0033,9.159,11.2575,8.3537,9.1344,4.9421,6.582
GTEX-14AS3-0326-SM-5Q5DB,2.8632,1.6286,7.0979,11.0684,8.844,9.1174,4.1486,2.8632,,,TCGA-F2-A44G-01,8.8196,6.6043,9.6275,11.0571,8.1596,8.7921,6.4441,7.6158
GTEX-S4P3-0626-SM-4AD59,5.9725,3.1249,7.4008,11.2167,8.1837,9.4453,3.6537,3.4134,,,TCGA-IB-8126-01,7.2502,4.6832,9.4311,10.5955,8.0097,9.0515,4.9939,5.7406
GTEX-Y5LM-0526-SM-4V6G3,5.1448,1.9962,7.1749,11.3445,8.565,9.3236,3.8533,1.9962,,,TCGA-HZ-A77O-01,9.1853,6.9734,9.147,11.2672,8.1311,9.3648,7.4948,7.7017
GTEX-P4PP-1026-SM-3NM9O,7.927,6.6259,7.827,11.3202,8.2377,9.4066,5.9565,5.6404,,,TCGA-S4-A8RP-01,8.3727,6.3441,9.8426,11.122,8.5076,8.9994,6.6717,6.4476
GTEX-13N11-0226-SM-5KM3C,7.763,6.1212,8.696,11.4063,8.7591,9.3177,5.7828,4.8087,,,TCGA-HZ-8637-01,9.1856,8.1471,10.2893,11.3742,9.4687,9.5662,6.8989,7.8354
GTEX-N7MT-1626-SM-3LK71,5.6356,4.6643,6.475,11.3691,9.0173,9.1254,0,1.89,,,TCGA-US-A774-01,8.1444,7.3835,9.7633,11.1978,8.2589,9.22,5.5916,7.4537
GTEX-146FR-0126-SM-5Q5F3,4.6617,3.2987,7.1983,10.6308,8.0406,8.8476,3.2987,0,,,TCGA-HV-AA8X-01,9.2869,7.8171,9.3163,11.1032,8.1047,9.0061,6.6242,8.9132
GTEX-WXYG-0826-SM-4ONC7,5.0175,2.7836,7.978,11.1762,8.095,9.1195,3.881,1.5665,,,TCGA-S4-A8RO-01,9.7893,7.1685,10.336,11.5928,9.2358,9.1138,7.4493,6.9904
GTEX-13U4I-1526-SM-5IFFF,6.3982,5.0831,8.0573,11.2145,8.7004,9.3051,5.8586,4.213,,,TCGA-IB-AAUN-01,9.8635,6.6308,9.0648,10.7824,8.5991,9.0917,7.8525,7.2678
GTEX-1122O-0726-SM-5GIEV,5.5255,2.9878,7.1434,11.0898,8.1068,9.082,5.0088,0,,,TCGA-LB-A7SX-01,9.9812,8.3805,9.0648,11.8885,8.6119,9.4644,7.4022,8.5275
GTEX-11I78-0626-SM-5A5LZ,5.7379,3.0843,7.3496,11.1893,8.15,9.1761,3.7515,1.8048,,,TCGA-Z5-AAPL-01,8.8178,9.0165,9.8077,11.5749,9.5074,8.6526,6.206,7.9741
GTEX-ZZPU-0726-SM-5N9C8,5.1904,3.6106,6.7235,11.57,8.4024,9.314,2.7241,1.5206,,,TCGA-IB-7649-01,6.5578,5.1476,9.2691,10.4388,7.9661,8.8861,4.9251,6.1684
GTEX-PX3G-1026-SM-48TZW,6.5026,3.5692,7.6588,11.2193,8.0223,8.7764,5.287,3.5692,,,TCGA-YH-A8SY-01,9.1381,6.5899,9.9672,11.135,7.9194,8.5161,6.8858,8.439
GTEX-11XUK-0626-SM-5N9ES,6.2256,0,6.7376,11.0705,8.2976,9.188,2.123,0,,,TCGA-2J-AABT-01,7.9446,6.5969,9.4888,11.1258,7.5665,9.086,5.216,7.262
GTEX-ZC5H-0826-SM-5N9FH,6.3398,5.6979,8.516,11.2545,9.5247,9.2329,5.5264,3.8167,,,TCGA-FB-A545-01,10.0354,6.3188,9.383,10.8821,8.6555,9.1165,9.0445,7.2787
GTEX-ZPIC-0926-SM-4WWFK,5.9909,3.5906,7.0004,11.1585,8.1345,8.8365,4.6401,2.7056,,,TCGA-HV-A5A4-01,7.8601,5.8064,9.635,10.7751,7.9379,8.7647,6.4178,6.8964
GTEX-ZYFG-0826-SM-5BC5T,6.398,4.143,8.2067,10.8685,8.7504,9.0716,4.2868,3.3589,,,TCGA-FB-A78T-01,8.2722,6.5905,9.9966,11.6196,8.6644,9.0298,6.7799,7.912
GTEX-13VXT-1226-SM-5LU3M,6.0232,5.149,7.8094,11.1684,8.4462,9.0739,4.8537,3.6432,,,TCGA-2J-AAB9-01,7.7795,6.0611,8.9822,10.8957,7.8972,9.0252,5.551,5.728
GTEX-13FH7-1426-SM-5IFIC,6.5268,2.0899,7.2212,11.1493,8.3132,9.1738,3.4292,0,,,TCGA-3A-A9IB-01,8.6329,6.5746,9.8289,10.88,7.6026,9.1785,7.4574,6.9832
GTEX-Y8LW-1026-SM-5IFJY,4.6128,2.6816,7.1106,10.641,8.3643,9.0033,4.6128,3.0393,,,TCGA-FB-A4P5-01,8.4406,7.7206,9.2157,11.1654,8.2119,8.9791,5.9302,7.0367
GTEX-RWS6-1126-SM-47JXC,5.8957,0,7.203,10.9309,8.1942,8.7654,4.7985,1.782,,,TCGA-HZ-8317-01,8.6745,6.7808,9.5018,10.8041,8.066,9.2393,7.144,7.4606
GTEX-1399U-0926-SM-5IFHA,5.2342,4.2721,7.7258,10.8938,8.3944,9.1145,3.9687,3.584,,,TCGA-HZ-A49H-01,7.9793,6.0138,8.9518,11.0549,8.1199,9.312,5.036,5.8488
GTEX-13CF3-1026-SM-5LZWY,5.5983,2.2171,8.6196,11.3551,8.4446,9.4013,7.1448,2.2171,,,TCGA-3A-A9IH-01,9.1961,6.9276,8.9086,11.0461,8.2041,9.1077,7.1686,7.2084
GTEX-13W3W-1026-SM-5IFG4,5.5011,2.5013,6.3265,10.6227,8.3271,8.654,4.1141,1.736,,,TCGA-IB-7888-01,7.3858,7.0842,9.6077,10.9088,7.7227,8.9898,5.3599,6.6175
GTEX-PWOO-0626-SM-48TZH,4.8708,2.5134,7.7449,11.4706,8.9391,9.1498,5.3861,1.3617,,,TCGA-XD-AAUG-01,6.2333,4.0795,9.3205,11.1807,7.8079,9.5702,3.2454,5.0362
GTEX-ZP4G-0426-SM-4YCER,4.3226,1.9725,7.2303,11.2248,8.116,9.2286,4.9186,3.0551,,,TCGA-FB-AAQ3-01,8.0319,6.1027,8.8181,10.7434,8.5557,9.2828,5.5971,6.3221
GTEX-13FTX-1226-SM-5IFGN,5.7418,4.4295,7.3293,11.4465,8.6642,9.4569,3.6341,1.7151,,,TCGA-HV-A5A6-01,8.6722,7.0521,9.7858,11.2787,9.048,9.3339,7.8035,7.1674
GTEX-UJHI-0626-SM-3DB8T,5.4841,4.8356,7.335,11.6212,8.4173,9.3825,4.7512,2.5514,,,TCGA-HZ-8003-01,8.1302,7.3407,9.3822,11.151,8.2447,9.2916,6.9261,7.9302
GTEX-ZF2S-0426-SM-4WKGP,7.4521,6.1425,7.6382,10.6342,8.7319,8.6921,6.0287,4.4872,,,TCGA-IB-7644-01,7.7856,7.3858,9.3717,10.8449,7.7297,8.7414,7.0497,7.8342
GTEX-131XG-1426-SM-5GCMO,6.0677,0,6.6608,11.3152,8.0408,9.1551,1.6469,0,,,TCGA-3A-A9IR-01,4.9266,3.2332,6.9266,11.0991,9.3949,9.4745,1.766,1.4858
GTEX-ZVT2-2026-SM-5NQ8Q,5.6685,2.7093,7.6066,11.247,8.0363,9.124,4.1392,2.7093,,,TCGA-IB-7651-01,8.4018,6.5071,9.6289,10.8131,8.1587,9.3561,8.2605,6.8452
GTEX-12WSD-1626-SM-5GCNR,5.2668,2.3692,6.7726,10.9361,9.2422,8.6018,3.2224,0,,,TCGA-IB-A5SS-01,9.5767,6.2046,9.0706,11.0286,7.284,8.8242,7.479,7.5691
GTEX-12WSK-0226-SM-5BC62,6.5789,4.7213,8.5048,10.5403,8.6691,8.9923,5.3299,3.3546,,,TCGA-IB-A5ST-01,8.3425,8.0161,9.5746,11.2991,8.1948,9.0747,5.6106,7.0724
GTEX-X15G-0726-SM-4PQZ5,4.8528,2.8949,6.73,11.1857,8.6542,8.8729,5.0526,0,,,TCGA-IB-AAUO-01,9.7116,7.0029,9.4725,11.4582,8.9649,9.3332,7.8437,7.338
GTEX-ZLWG-0326-SM-4WWC7,6.7984,5.5081,8.1862,11.3421,7.9779,9.1886,4.2029,4.4781,,,TCGA-LB-A8F3-01,9.1941,5.9598,9.2409,11.1239,7.9051,9.3399,5.8382,5.396
GTEX-13PL7-2226-SM-5L3IC,6.0532,3.8845,8.645,11.0625,8.11,9.0226,3.8845,3.2639,,,TCGA-Q3-AA2A-01,8.104,5.2756,9.4448,11.2982,8.4877,8.7903,7.044,6.4885
GTEX-WI4N-1826-SM-4OOSF,5.5994,3.0346,8.2643,11.6514,9.1644,9.0968,5.0292,2.4105,,,TCGA-IB-AAUW-01,7.0348,6.7102,9.4563,10.9888,8.1824,9.31,4.706,5.8857
GTEX-1128S-0826-SM-5GZZI,3.6508,2.7613,7.2953,11.4164,9.5211,9.0417,5.6197,0,,,TCGA-LB-A9Q5-01,7.6902,6.2498,8.9706,10.5774,7.6081,8.5922,6.6788,6.0347
GTEX-11VI4-0426-SM-5EGHZ,6.5182,4.8315,8.1496,11.1984,7.7575,9.154,4.6851,3.2082,,,TCGA-3A-A9IN-01,7.1712,3.7095,8.2301,11.0314,9.1259,9.8028,3.2272,3.0764
GTEX-Y5V5-1026-SM-5LUAH,4.7082,0,6.7053,10.9503,9.454,8.7333,3.2296,0,,,TCGA-FB-AAPS-01,8.0844,6.6212,9.4502,11.0278,7.8928,9.21,6.2582,5.2972
GTEX-R55G-0326-SM-48FDM,5.6088,2.2703,7.6428,10.972,8.2319,8.827,3.8464,2.2703,,,TCGA-IB-7887-01,7.9466,6.6966,10.0718,11.2832,8.1237,8.9765,6.2722,7.329
GTEX-13OVI-0526-SM-5IFFQ,5.8148,3.4081,6.9773,11.0243,8.2116,9.0625,3.7026,2.538,,,TCGA-3A-A9IC-01,9.6483,6.922,9.8062,10.7584,7.6114,9.2306,6.8019,6.7914
GTEX-1399S-0326-SM-5IFFS,5.2462,2.8398,6.6956,11.4024,8.2158,9.4474,5.081,1.6102,,,TCGA-HV-A5A5-01,7.9642,6.4244,9.2836,11.1953,8.2105,8.9302,5.6986,6.4101
GTEX-ZF29-1126-SM-4WKGO,5.4305,2.382,6.5818,10.5311,8.3335,8.8618,5.1169,0,,,TCGA-HZ-7922-01,8.7858,6.8656,9.8718,10.7627,8.0376,9.0675,6.5959,8.0071
GTEX-11DXX-0926-SM-5H112,5.8363,2.3668,6.8236,11.2671,8.2226,9.1353,3.9591,0,,,TCGA-YY-A8LH-01,8.6282,6.4723,9.1327,11.3449,8.8321,9.3457,7.3939,7.1048
GTEX-ZAK1-2326-SM-5CVMY,6.6063,4.237,6.8037,10.806,9.3743,8.8545,4.7004,2.1926,,,TCGA-2J-AABR-01,8.2373,7.274,9.3269,11.0246,7.8938,8.869,6.0399,6.0399
GTEX-145ME-0326-SM-5S2QO,6.1821,2.6124,7.4505,10.6708,8.447,8.8337,3.7853,0,,,TCGA-HZ-7924-01,8.469,8.7852,9.4009,11.1933,8.3373,8.978,7.445,8.6442
GTEX-SE5C-0326-SM-4BRWX,5.8781,3.5493,7.7201,11.5211,8.4559,9.3628,4.3414,3.5493,,,TCGA-RL-AAAS-01,8.4833,6.6076,8.6872,10.6689,7.9088,9.038,4.9919,5.3769
GTEX-YB5K-1826-SM-5IFJC,5.9228,1.7598,7.0473,10.9299,8.5305,8.8431,4.6361,3.0286,,,TCGA-3A-A9IV-01,7.9106,5.1885,8.2051,10.555,8.02,8.8876,5.8167,5.2877
GTEX-1211K-1126-SM-5EGGB,6.3833,3.1263,7.2085,10.9193,8.2206,9.0216,3.1263,3.1263,,,TCGA-2J-AABP-01,11.7369,9.514,9.6906,11.5537,7.2251,8.9674,8.4418,8.0861
GTEX-TMMY-1326-SM-4DXU9,5.1971,2.5255,6.3129,11.5117,8.1971,9.0668,3.9329,1.7566,,,TCGA-HZ-8636-01,8.311,7.1059,10.001,11.2876,8.6274,9.4957,7.7255,7.3432
GTEX-W5WG-0826-SM-4RGNE,5.4558,2.4633,6.8873,11.005,8.3636,8.8648,5.1235,4.0705,,,TCGA-HZ-A49G-01,7.5781,6.0143,9.2548,11.0772,8.1287,8.8929,6.0143,6.1209
GTEX-13SLX-1326-SM-5S2QS,5.5539,2.2724,6.0473,11.1431,8.9841,8.6693,3.1148,2.2724,,,TCGA-XD-AAUH-01,6.8054,4.7289,9.2627,11.321,8.3492,9.5957,5.2956,4.8132
GTEX-XUW1-1726-SM-4BOOZ,4.8729,0,6.8747,11.0373,8.4425,8.3013,4.0638,2.8658,,,TCGA-H6-8124-01,8.5862,6.4761,9.5709,11.0623,8.4958,9.2513,7.8067,7.1011
GTEX-12WSG-1026-SM-5EGII,8.6477,4.1622,7.3857,11.1496,8.7017,8.9152,4.8666,3.617,,,TCGA-IB-A5SQ-01,8.8467,6.7449,9.7264,11.0401,8.0465,9.3757,6.2028,6.2773
GTEX-WRHK-0226-SM-4MVOH,5.8923,0,7.2465,11.0988,7.8068,8.7208,4.5171,2.5524,,,TCGA-2J-AABI-01,9.6733,7.478,9.1989,11.6168,8.8785,9.9576,7.3359,7.031
GTEX-W5X1-0226-SM-5CHTO,0,0,0,0,0,0,0,0,,,TCGA-HZ-A77Q-01,8.0358,6.7221,9.3462,10.9584,7.5656,9.0525,5.8335,6.0318
,,,,,,,,,,,TCGA-HZ-8315-01,7.2015,6.1096,9.5859,10.779,8.6848,9.207,6.4061,6.5585
,,,,,,,,,,,TCGA-US-A779-01,8.6631,6.9354,8.6902,11.356,7.6497,9.2046,5.7776,6.2523
,,,,,,,,,,,TCGA-IB-7897-01,7.3667,5.9734,9.9489,10.9989,8.1932,9.5607,5.9441,6.5113
,,,,,,,,,,,TCGA-XN-A8T5-01,8.0074,6.1082,9.5323,11.0198,8.4211,9.4127,7.5293,5.495
,,,,,,,,,,,TCGA-HZ-7919-01,8.7597,7.2637,9.2942,10.9696,8.1147,9.1737,8.1975,7.72
,,,,,,,,,,,TCGA-XD-AAUI-01,9.0543,7.1345,9.817,11.4688,8.3443,9.3653,8.3657,6.9336
,,,,,,,,,,,TCGA-2L-AAQJ-01,8.5573,7.1077,9.6106,10.8605,7.7962,8.9931,6.4085,7.0288
,,,,,,,,,,,TCGA-IB-7652-01,7.1721,5.8832,9.629,10.8743,7.9479,8.3184,5.7538,6.2921
,,,,,,,,,,,TCGA-IB-7891-01,7.3829,6.5849,9.5717,10.6866,8.2638,9.1899,5.4534,6.6536
,,,,,,,,,,,TCGA-L1-A7W4-01,10.1691,8.37,10.1253,11.4278,9.8536,9.1414,8.4181,8.0901
,,,,,,,,,,,TCGA-M8-A5N4-01,8.0056,6.3556,9.5411,11.1959,8.2746,8.7039,6.3712,6.8315
,,,,,,,,,,,TCGA-IB-7645-01,6.8108,6.6612,10.0457,11.227,7.8759,9.3983,5.9173,7.1354
,,,,,,,,,,,TCGA-PZ-A5RE-01,8.6736,6.9045,8.3793,11.3872,7.8768,9.1973,6.2674,6.5337
,,,,,,,,,,,TCGA-FB-AAPU-01,9.0506,7.3266,10.3134,11.8241,8.7695,9.2559,6.9363,7.8409
,,,,,,,,,,,TCGA-3A-A9IL-01,6.4017,3.7207,8.444,11.2835,7.9752,9.684,2.8262,0.9033
,,,,,,,,,,,TCGA-HZ-A9TJ-06,8.9326,6.0643,10.2795,11.5386,8.1841,9.6307,7.2366,7.0289
